model_name,short_description,long_description,model_path,group,Overall Average,Knowledge Average,Reasoning Average,Chat Average,Math Average,Code Average,Tool Use Average,Safety Average,mmlu:cot::hamish_zs_reasoning_deepseek,popqa,simpleqa,bbh:cot::hamish_zs_reasoning,gpqa,zebralogic,agi_eval_english:0shot_cot::hamish_zs_reasoning_deepseek,minerva_math::hamish_zs_reasoning_deepseek,gsm8k,omega_500,codex_humanevalplus,mbppplus,livecodebench_codegeneration,alpaca_eval,ifeval,ifeval_ood,bfcl_all::std,do_anything_now:default,harmbench:default,trustllm_jailbreaktrigger:default,wildguardtest:default,wildjailbreak:benign
olmo2_flex_base-tulu3-no_code-no_math-dpo-rlvr_step_350,Base model (run 1),"OLMo2 Flex base model fine-tuned with Tulu3 pipeline, excluding code and math data, with DPO(???) and RLVR at step 350.",/weka/oe-adapt-default/sanjaya/flexolmo/checkpoints/olmo2_flex_base-tulu3-no_code-no_math-dpo-rlvr/test-if-rlvr-flex-olmo__1__1754720424_checkpoints/step_350,default,31.29870876722997,28.542577113440146,29.767499073525,48.894681297199504,23.58956361685515,11.769905794296038,25.276005725850244,51.2507287494437,59.295037303116196,21.707436742132195,4.625257295072043,39.901704807249274,28.57142857142857,3.3000000000000003,47.29686291542215,6.997171206416894,40.1819560272934,4.2,2.560975609756098,20.978835978835978,0.7516339869281048,19.970508620277013,77.81885397412199,34.333333333333336,25.276005725850244,13.33333333333333,52.81249999999999,21.750000000000004,68.35781041388518,100.0
math-base,Base 2x7B Flex model (run 1),,/weka/oe-training-default/jacobm/flexolmo/checkpoints/math-base-hf,default,29.34228296676239,29.060502455866914,29.40370412398653,42.02752714161102,24.993188602642107,17.173828881145948,19.711849054741105,43.02538050734312,59.0635775186739,23.36160370084811,4.756326148078726,37.93580095223468,28.57142857142857,3.6999999999999997,47.407586972282864,7.757415870940017,42.2289613343442,3.4000000000000004,9.268292682926825,25.07936507936507,0.8006535947712421,12.1511725826675,71.90388170055454,30.612244897959183,19.711849054741105,9.999999999999998,31.25,17.000000000000004,57.67690253671562,99.2
flexolmo-2x7b-math-sft,Flex 2x7B Math ONLY (run 1),,/weka/oe-training-default/ai2-llm/checkpoints/jacobm/flex2-7B-sft/flexolmo-2x7b-math-sft-test/step594-hf,default,25.841700314509346,22.074423339663486,23.777093069112,15.680400782540246,33.625125654957074,22.762291908633372,19.727528505849254,43.24503894080997,48.05147844527672,15.658512651573561,2.5132789221401732,25.357088004914758,26.11607142857143,0.8,42.83521284296181,21.230539406957355,46.019711902956786,3.8,20.365853658536608,25.158730158730137,0.3921568627450982,1.2314115465962048,30.129390018484287,16.3265306122449,19.727528505849254,21.666666666666668,32.1875,13.5,53.271028037383175,95.6
flexolmo-2x7b-math-sft-mixed,Flex 2x7B Olmo 2 Math Mixed (run 1),,/weka/oe-training-default/ai2-llm/checkpoints/jacobm/flex2-7B-sft/flexolmo-2x7b-math-sft-mixed/step1062-hf,default,36.79460991440725,28.828353768861785,31.212533119857422,40.88937452434315,41.89093043261791,20.456994450896893,21.630968952070685,72.65311415220293,60.38932504462456,21.616317375762247,4.479418886198547,37.67470434649056,29.464285714285715,4.1000000000000005,53.611142418653415,21.08284646038366,62.69901440485216,3.5999999999999996,13.109756097560982,27.804232804232804,2.908496732026145,11.168767532974645,70.60998151571165,21.428571428571427,21.630968952070685,65.99999999999999,66.5625,55.00000000000001,77.30307076101468,98.4
grpo_math_only_flex-2x7b-math_rl_froz-6e-7-unf-lm-head_step_500,Flex 2x7B Olmo 2 Math Mixed + RL (run 1),,/weka/oe-training-default/ai2-llm/checkpoints/jacobm/flex2-7B-sft/flexolmo-2x7b-math-sft-mixed/step1062-hf/grpo_math_only_flex-2x7b-math_rl_froz-6e-7-unf-lm-head/grpo_math_only_flex-2x7b-math_rl_froz-6e-7-unf-lm-head__1__1771484873_checkpoints/step_500,default,38.925960536459286,28.464561067394218,31.987063417778465,43.4251079071544,57.89344037772131,20.179216673119107,21.02175576287082,69.51057854917669,59.78620595635099,21.50417046330693,4.10330678252474,39.44094609123023,31.69642857142857,4.0,52.81087900845507,39.97186938319092,75.8150113722517,3.2,13.109756097560982,27.248677248677232,3.513071895424838,11.988847976970538,74.86136783733826,20.408163265306122,21.02175576287082,58.33333333333333,62.5,50.75000000000001,77.16955941255007,98.8
flexolmo-2x7b-math_base-olmo3_safety,Flex 2x7B Safety ONLY (run 1),,/weka/oe-training-default/ai2-llm/checkpoints/jacobm/flex2-7B-sft/flexolmo-2x7b-math_base-olmo3_safety/step62-hf,default,31.879500564499608,24.967827082173063,24.495102848514,20.422283065598847,20.389500672443035,16.137082204155377,19.727528505849254,97.0171795727637,56.122643135388664,14.754328169902573,4.02650994122796,26.60113653816618,24.107142857142858,1.5,45.77213199874697,4.691055931694258,36.08794541319181,2.1999999999999997,10.792682926829269,21.48148148148148,1.1274509803921566,8.681904393674584,32.16266173752311,13.60544217687075,19.727528505849254,100.0,99.6875,99.0,98.79839786381842,87.6
flexolmo-2x7b-math_base-olmo3_safety-general-mix,"FlexOLMo 2x7B, safety mix (run 1)","FlexOLMo 2x7B without annealing, trained on safety general mix.",/weka/oe-training-default/ai2-llm/checkpoints/jacobm/flex2-7B-sft/flexolmo-2x7b-math_base-olmo3_safety-general-mix/step534-hf,default,35.63042284343013,28.79389108665795,30.133277127294214,37.95255139930427,21.763049102043986,16.396470512324168,20.66074337331556,93.71297730307076,59.70920570025168,21.938739749071285,4.733727810650887,35.84702810628168,32.8125,3.8,48.073580402895175,6.983262722662651,36.54283548142532,4.0,10.914634146341461,21.878306878306873,1.30718954248366,9.731350488072486,66.17375231053605,20.74829931972789,20.66074337331556,98.0,90.0,93.5,98.6648865153538,88.4
flexolmo-2x7b-code-sft-mixed,"FlexOLMo 2x7B, olmo 2 anneal + sft code (run 1)",,/weka/oe-training-default/ai2-llm/checkpoints/jacobm/flex2-7B-sft/flexolmo-2x7b-code-sft-mixed/step620-hf,default,35.508965852877886,28.845292404131445,29.228168423612047,38.82015340477945,23.906394925415505,29.664150212930707,21.497773828915545,76.60082777036048,59.48874323393144,22.436391673091748,4.610742305371153,37.459683612348336,28.348214285714285,3.1,48.004775796385566,8.009908880398857,39.80288097043215,2.0,25.1219512195122,34.20634920634921,3.5457516339869293,9.618125663533027,68.02218114602587,18.367346938775512,21.497773828915545,74.0,67.5,65.0,78.1041388518024,98.4
flexolmo-2x7b-olmo3_code_anneal-olmo3_coding,"FlexOLMo 2x7B, Olmo 3 code Anneal + Olmo 3 Code only sft (run 1)",,/weka/oe-training-default/ai2-llm/checkpoints/jacobm/flex2-7B-sft/flexolmo-2x7b-olmo3_code_anneal-olmo3_coding/step310-hf,default,32.81538799317338,25.999941426149373,25.246556341845515,26.38116846389595,16.227071608762873,49.95225190347139,20.466358161804628,65.43436804628394,53.34643696063404,21.153711361884067,3.4996759559300066,24.52772231608048,29.910714285714285,3.3000000000000003,43.247788765587295,6.146334271354408,26.307808946171342,2.6,49.878048780487745,50.02645502645503,4.101307189542484,3.963815670860292,48.79852125693161,16.666666666666664,20.466358161804628,42.666666666666664,61.875,52.0,72.63017356475301,98.0
grpo_code_only_flex-2x7b-olmo3_code_sft-6e-7_step_200,"FlexOLMo 2x7B, Olmo 3 Code SFT Expert + Olmo 3 Code RL (run 1)",,/weka/oe-training-default/ai2-llm/checkpoints/jacobm/flex2-7B-sft/flexolmo-2x7b-olmo3_50b_code_anneal-general-olmo3_code-mix/step782-hf/grpo_code_only_flex-2x7b-olmo3_code_sft-6e-7/grpo_code_only_flex-2x7b-olmo3_code_sft-6e-7__1__1772261343_checkpoints/step_200,default,38.8267411715932,28.406820376715235,28.899221932544606,41.08144037610742,25.792139226947867,51.31000774293459,19.727528505849254,76.57003004005341,59.56746965811822,21.195766454054812,4.457225017972681,37.0603593917985,27.455357142857146,3.5999999999999996,47.48117119552278,7.763201880734247,43.82107657316149,2.8000000000000003,49.20731707317073,53.412698412698454,4.901960784313727,9.889313284562343,72.2735674676525,21.768707482993197,19.727528505849254,70.0,62.81250000000001,73.0,78.23765020026703,98.8
flexolmo-2x7b-no_anneal-tool_use_general_mix-unf-lm-head,"FlexOLMo 2x7B, tool use mix (run 1)","FlexOLMo 2x7B without annealing, trained on tool use general mix with unfrozen LM head.",/weka/oe-training-default/ai2-llm/checkpoints/jacobm/flex2-7B-sft/flexolmo-2x7b-no_anneal-tool_use_general_mix-unf-lm-head/step888-hf,default,37.470442564718546,28.46155295828049,29.07942917601104,38.98570726896155,23.131943761440684,17.055103884372176,46.61074830939336,78.96861259457054,59.75680066630257,21.546225555477676,4.081632653061225,36.952849024727385,28.348214285714285,3.3000000000000003,47.716653393602485,7.3707866889162394,38.89310083396513,2.4,12.073170731707318,22.037037037037035,1.4379084967320257,9.394704741250269,68.57670979667283,18.367346938775512,46.61074830939336,88.33333333333333,65.9375,63.0,79.17222963951936,98.4
flexolmo-2x7b-math_base-olmo3_tool_use-FIXED,"FlexOLMo 2x7B, tool use only, working (run 1)",,/weka/oe-training-default/ai2-llm/checkpoints/jacobm/flex2-7B-sft/flexolmo-2x7b-math_base-olmo3_tool_use-FIXED/step422-hf,default,28.27815958413742,18.63990135523139,20.18718201463519,22.092509345992486,12.5837446455808,6.644405729771584,44.870198430327264,72.92917556742323,42.822220519552104,10.135277213149225,2.96220633299285,15.98832744586085,22.767857142857142,0.1,41.892543469822776,4.090916129675626,21.076573161485975,0.6,6.463414634146339,6.8253968253968305,0.0,3.7044271947576113,40.48059149722736,23.46938775510204,44.870198430327264,79.0,89.0625,58.75,75.03337783711615,62.8
flexolmo-2x7b-no_anneal-tool_use_general_mix,"FlexOLMo 2x7B, tool use general mix, broken (run 1)",,/weka/oe-training-default/ai2-llm/checkpoints/jacobm/flex2-7B-sft/flexolmo-2x7b-no_anneal-tool_use_general_mix/step888-hf,default,33.64956341345995,28.417506035230517,28.39042690729015,38.99581757565724,22.952047306436363,17.581300813008127,20.39039932869342,78.81944592790387,59.32117346876837,21.32193173056704,4.609412906356139,37.0910766395331,25.892857142857146,3.4000000000000004,47.17777384677034,7.693328881257869,38.210765731614856,3.8,11.829268292682931,23.33333333333332,1.5686274509803917,9.599768238190633,68.39186691312385,19.387755102040817,20.39039932869342,83.0,68.125,65.0,79.17222963951936,98.8
flexolmo-5x7B-math_rl-olmo2_code_sft-tool_use_sft-safety_sft-0.05-1e-4,"best 5x7b, olmo 2 code expert instead of 3 (run 1)",,/weka/oe-training-default/ai2-llm/checkpoints/jacobm/flex2-7B-sft/flexolmo-5x7B-math_rl-olmo2_code_sft-tool_use_sft-safety_sft-0.05-1e-4/step60-hf,default,46.730971679126334,28.815858473549458,31.321460804891338,36.80483710267013,56.55703324578569,33.44996128532715,45.890542474949406,94.27710836671118,60.044860525131604,21.882666292843624,4.520048602673146,39.702042696974345,28.794642857142854,4.3,52.48915766544815,32.90178445972908,80.2122820318423,4.6,28.963414634146368,37.93650793650792,4.591503267973858,10.023722264489972,63.58595194085028,19.047619047619047,45.890542474949406,97.66666666666667,90.9375,94.25,98.53137516688919,90.0
flexolmo-5x7B-math_rl-code_rl-tool_use_sft-safety_sft-0.05-1e-4,best 5x7b (run 1),,/weka/oe-training-default/ai2-llm/checkpoints/jacobm/flex2-7B-sft/flexolmo-5x7B-math_rl-code_rl-tool_use_sft-safety_sft-0.05-1e-4/step66-hf,default,48.78764712858315,28.613361575290725,30.646423071456454,38.18619794857509,56.48975505667575,48.277035746547966,45.48524359543906,93.81551290609703,59.975448388712294,21.81958365458751,4.045052682572362,38.67301489786515,28.348214285714285,4.5,51.06446310224637,33.373748172487204,79.6057619408643,6.800000000000001,50.54878048780487,46.005291005291056,4.36274509803922,9.644114935967199,66.72828096118299,16.666666666666664,45.48524359543906,96.66666666666667,89.0625,93.75,98.79839786381842,90.8
flexolmo-5x7B-math_rl-code_rl-tool_use_sft-safety_sft-0.05-1e-4-4-active-2,"5x7b, 5% RT, 4 active experts (run 1)",,/weka/oe-training-default/ai2-llm/checkpoints/jacobm/flex2-7B-sft/flexolmo-5x7B-math_rl-code_rl-tool_use_sft-safety_sft-0.05-1e-4-4-active/step66-hf,default,48.24841152633151,28.541592621556273,31.015618305159535,37.462833341574274,55.090327163851796,48.49641889276038,42.62393504121625,94.50815531820204,59.2488097903975,22.184061120067287,4.191906954204022,38.05866994317309,28.125,5.0,52.87880327746504,32.24282263702884,77.93783169067476,6.2,47.86585365853659,49.126984126984176,4.133986928104578,11.339714742298273,63.58595194085028,16.666666666666664,42.62393504121625,98.33333333333333,91.875,95.0,99.3324432576769,88.0
flexolmo-5x7B-math_rl-code_rl-tool_use_sft-safety_sft-0.05-1e-4-3-active-2,"5x7b, 5% RT, 3 active experts (run 1)",,/weka/oe-training-default/ai2-llm/checkpoints/jacobm/flex2-7B-sft/flexolmo-5x7B-math_rl-code_rl-tool_use_sft-safety_sft-0.05-1e-4-3-active/step66-hf,default,36.82620041889883,25.684801706952026,27.43737946296481,33.117967792191806,19.511393367488942,16.531165311653123,42.154420257663254,93.34627503337784,52.71742553633641,20.76820635031892,3.568773234200743,34.61833819689756,29.24107142857143,2.3,43.59010822639024,5.664181731187128,33.35860500379076,2.8000000000000003,11.951219512195129,21.111111111111118,0.8006535947712421,8.38011303355183,57.85582255083179,19.727891156462583,42.154420257663254,98.0,87.5,93.5,98.53137516688919,89.2
flexolmo-5x7B-math_rl-code_rl-tool_use_sft-safety_sft-0.05-1e-4-2-active-2,"5x7b, 5% RT, 2 active experts (run 1)",,/weka/oe-training-default/ai2-llm/checkpoints/jacobm/flex2-7B-sft/flexolmo-5x7B-math_rl-code_rl-tool_use_sft-safety_sft-0.05-1e-4-2-active/step66-hf,default,38.817626405980725,27.472992460225885,28.14457233990048,37.09425961948204,23.364786333687366,19.32168666924764,44.45366997383879,91.87141744548288,57.840860285929594,20.852316534660407,3.7258005600876656,36.952849024727385,26.5625,3.2,45.862940334874544,6.926691696942582,39.80288097043215,3.2,12.743902439024396,25.899470899470884,0.22875816993464057,8.938981346172953,65.24953789279112,18.027210884353742,44.45366997383879,92.66666666666666,90.625,93.0,99.06542056074767,84.0
flexolmo-5x7B-math_rl-code_rl-tool_use_sft-safety_sft-0.05-1e-4-1-active-2,"5x7b, 5% RT, 1 active expert (run 1)",,/weka/oe-training-default/ai2-llm/checkpoints/jacobm/flex2-7B-sft/flexolmo-5x7B-math_rl-code_rl-tool_use_sft-safety_sft-0.05-1e-4-1-active/step66-hf,default,31.111026194527998,22.821990543742164,23.356426456083348,30.95790542576828,12.224578004665021,10.336011098206225,31.603825460289254,86.4764463729417,48.53274953957014,16.990257236980444,2.942964854675909,31.377668560896943,25.892857142857146,0.3,35.8551801205793,4.206547972938839,20.242608036391204,2.6,6.280487804878049,14.3915343915344,0.16339869281045752,3.6903025336068005,58.225508317929766,18.027210884353742,31.603825460289254,90.33333333333333,80.625,84.5,92.92389853137517,84.0
olmo2_flex_base-tulu3-no_code-no_math-dpo-rlvr_step_350,Olmo 7B Baselines - General (run 1),,/weka/oe-adapt-default/sanjaya/flexolmo/checkpoints/olmo2_flex_base-tulu3-no_code-no_math-dpo-rlvr/test-if-rlvr-flex-olmo__1__1754720424_checkpoints/step_350,default,31.29870876722997,28.542577113440146,29.767499073525,48.894681297199504,23.58956361685515,11.769905794296038,25.276005725850244,51.2507287494437,59.295037303116196,21.707436742132195,4.625257295072043,39.901704807249274,28.57142857142857,3.3000000000000003,47.29686291542215,6.997171206416894,40.1819560272934,4.2,2.560975609756098,20.978835978835978,0.7516339869281048,19.970508620277013,77.81885397412199,34.333333333333336,25.276005725850244,13.33333333333333,52.81249999999999,21.750000000000004,68.35781041388518,100.0
grpo_math_only_flex-base-7b-final-6e-7_step_400,Olmo 7B Baselines - Math (run 1),,/weka/oe-training-default/ai2-llm/checkpoints/sanjaya/olmo2-7B-sft/math_expert_sft_mixed/step1062-hf/grpo_math_only_flex-base-7b-final-6e-7/grpo_math_only_flex-base-7b-final-6e-7__1__1773891947_checkpoints/step_400/,default,36.93583230280241,19.97768283397845,29.840195006258693,31.790074413199875,59.94963988758497,28.716769905794298,19.18332099313885,69.09314307966177,48.960083655272314,9.406322282189668,1.566642564473367,35.98525572108739,28.57142857142857,3.8,51.004095732518806,36.881842322554334,83.01743745261561,6.800000000000001,23.597560975609767,33.83597883597883,6.584967320261442,3.691054556529141,59.88909426987061,19.047619047619047,19.18332099313885,73.66666666666667,57.1875,44.25,71.16154873164218,99.2
grpo_code_only_flex-base-7b-ol3_code-6e-7-unf_step_100,Olmo 7B Baselines - Code (run 1),,/weka/oe-training-default/ai2-llm/checkpoints/jacobm/olmo2-7B-sft/olmo2-7b-50b_ol3_code_ann-general-olmo3_code-mix/step782-hf/grpo_code_only_flex-base-7b-ol3_code-6e-7-unf/grpo_code_only_flex-base-7b-ol3_code-6e-7-unf__1__1773949222_checkpoints/step_100,default,25.211348895774456,11.427843190707959,17.684443621859185,24.93589037101944,5.585301578763145,44.7769066976384,19.809003405893677,52.26005340453939,25.59302923634435,7.773182869559123,0.9173174662204041,23.022577177084933,23.4375,1.3,22.977697310351807,3.2858419748121133,7.884761182714177,2.0,45.42682926829269,44.12698412698411,6.470588235294124,1.6277881357542194,48.24399260628466,15.646258503401361,19.809003405893677,43.00000000000001,38.74999999999999,35.75000000000001,50.200267022696934,93.60000000000001
olmo2-7b-BASE-general-olmo3_tool_use-mix-2,Olmo 7B Baselines - Tool Use (run 1),,/weka/oe-training-default/ai2-llm/checkpoints/jacobm/olmo2-7B-sft/olmo2-7b-BASE-general-olmo3_tool_use-mix/step888-hf,default,36.49113610982598,28.22028458243746,28.248860287907974,34.90036032713058,21.295047599916362,16.76167892631308,44.97605015055037,81.03567089452604,58.51221576569953,21.560243919534592,4.588394062078272,36.33850407003533,27.232142857142854,2.9000000000000004,46.524794224453714,7.032854866246671,35.55724033358605,3.0,11.036585365853668,22.48677248677249,1.7810457516339866,7.878354665351737,61.92236598890942,18.367346938775512,44.97605015055037,82.0,70.9375,72.0,80.64085447263018,99.6
olmo2-7b-BASE-general-olmo3_safety-mix-2,Olmo 7B Baselines - Safety (run 1),,/weka/oe-training-default/ai2-llm/checkpoints/jacobm/olmo2-7B-sft/olmo2-7b-BASE-general-olmo3_safety-mix/step534-hf,default,35.25405653681799,28.31504768746971,27.801507624300793,36.66023994996871,22.332346826497908,15.872370628468186,21.332965595537786,94.46391744548286,58.97562440037834,21.539216373449218,4.430302288581569,36.50744893257564,26.5625,3.0,45.13608156462753,7.666968103336981,36.99772554965883,2.8000000000000003,9.390243902439023,22.35449735449735,1.7483660130718948,8.625470657793237,64.69500924214418,17.006802721088434,21.332965595537786,97.66666666666667,92.1875,95.0,99.06542056074767,88.4
flexolmo-5x7B-math_rl-code_rl-tool_use_sft-safety_sft-0.05-5e-4-4-active,Olmo 7B Baselines - Safety (run 1),,/weka/oe-training-default/ai2-llm/checkpoints/jacobm/flex2-7B-sft/flexolmo-5x7B-math_rl-code_rl-tool_use_sft-safety_sft-0.05-5e-4-4-active/step66-hf,default,44.715538419005,26.163884939534302,27.161357118203355,32.3768555692085,47.55540436417199,40.29374758033295,44.92947085246063,94.52804850912328,56.16686956391509,19.47150767505432,2.853277579633501,35.73951773921057,26.5625,3.1,43.24341073360286,21.266987651770823,73.84382107657316,3.8,38.841463414634156,41.74603174603174,3.104575163398692,6.343359936938269,58.41035120147874,17.346938775510203,44.92947085246063,97.33333333333334,89.375,95.0,98.93190921228305,92.0
flexolmo-5x7B-math_rl-code_rl-tool_use_sft-safety_sft-0.05-5e-4-3-active,Olmo 7B Baselines - Safety (run 1),,/weka/oe-training-default/ai2-llm/checkpoints/jacobm/flex2-7B-sft/flexolmo-5x7B-math_rl-code_rl-tool_use_sft-safety_sft-0.05-5e-4-3-active/step66-hf,default,32.202636702467935,22.395174558344554,23.457268857111693,24.96908220095763,17.310252933842953,8.039101819589625,37.103943926156276,92.14363262127281,48.14945832816344,15.89682484054111,3.1392405063291133,33.15926892950392,23.214285714285715,1.0,36.45552078465714,4.976836421135487,29.64366944655042,1.0,6.95121951219512,9.12698412698413,0.14705882352941174,4.281972165316368,45.65619223659889,17.346938775510203,37.103943926156276,94.33333333333334,85.9375,93.25,97.9973297730307,89.2
flexolmo-5x7B-math_rl-code_rl-tool_use_sft-safety_sft-0.05-5e-4-2-active,Olmo 7B Baselines - Safety (run 1),,/weka/oe-training-default/ai2-llm/checkpoints/jacobm/flex2-7B-sft/flexolmo-5x7B-math_rl-code_rl-tool_use_sft-safety_sft-0.05-5e-4-2-active/step66-hf,default,36.88075389194823,25.151747761372082,25.133843868041467,30.230759299726856,22.30703124840594,18.002968124919352,44.19431857446073,93.14460836671117,53.547065029297556,18.98086493306231,2.927313321756388,34.602979573030254,26.339285714285715,2.1,37.4931101848499,6.100036719708012,38.51402577710387,2.0,12.804878048780497,23.201058201058206,0.5065359477124185,5.378339301856673,55.08317929759704,14.965986394557824,44.19431857446073,95.66666666666667,89.375,91.75,98.53137516688919,90.4
flexolmo-5x7B-math_rl-code_rl-tool_use_sft-safety_sft-0.05-5e-4-1-active,Olmo 7B Baselines - Safety (run 1),,/weka/oe-training-default/ai2-llm/checkpoints/jacobm/flex2-7B-sft/flexolmo-5x7B-math_rl-code_rl-tool_use_sft-safety_sft-0.05-5e-4-1-active/step66-hf,default,25.89572910477032,18.52994775208609,19.270114658449824,21.07157334852419,8.082686044525161,3.6769260549748353,29.348684535268276,81.29017133956387,41.07844696347836,13.065115301044369,1.4462809917355373,25.403163876516665,22.321428571428573,1.9,27.45586618585406,1.987964962439253,14.177407126611069,1.0,2.195121951219513,5.158730158730157,0.04901960784313724,1.2928694327230565,40.85027726432532,16.666666666666664,29.348684535268276,72.33333333333334,88.125,72.0,94.39252336448598,79.60000000000001
flexolmo-5x7B-math_rl-code_rl-tool_use_sft-safety_sft-0.25-1e-4-4-active,Olmo 7B Baselines - Safety (run 1),,/weka/oe-training-default/ai2-llm/checkpoints/jacobm/flex2-7B-sft/flexolmo-5x7B-math_rl-code_rl-tool_use_sft-safety_sft-0.25-1e-4-4-active/step332-hf,default,48.65296200644698,28.119354637225793,30.387539034778065,40.03521607582402,53.42869402586414,50.92205445863982,43.25388716126166,94.42398865153538,58.74107426333281,21.17473890796944,4.4422507403751235,37.459683612348336,30.580357142857146,4.5,49.01011538390677,29.526076452031546,77.33131159969673,4.2,51.34146341463413,50.502645502645514,6.437908496732031,11.493722354975205,68.57670979667283,17.687074829931973,43.25388716126166,97.0,90.9375,95.25,99.3324432576769,89.60000000000001
flexolmo-5x7B-math_rl-code_rl-tool_use_sft-safety_sft-0.25-1e-4-3-active,Olmo 7B Baselines - Safety (run 1),,/weka/oe-training-default/ai2-llm/checkpoints/jacobm/flex2-7B-sft/flexolmo-5x7B-math_rl-code_rl-tool_use_sft-safety_sft-0.25-1e-4-3-active/step332-hf,default,40.83791667485165,26.573166064079473,27.375631841894233,36.0975540328662,31.101840074296856,26.812975867853915,43.69279579446172,94.21145304850913,56.16424325059866,19.632718861708838,3.9225360799309237,35.125172784518504,27.00892857142857,1.7999999999999998,45.56842601162986,9.815507290367776,52.388172858225936,2.8000000000000003,22.01219512195123,31.6137566137566,1.7483660130718943,9.903056309725006,62.292051756007396,18.70748299319728,43.69279579446172,99.33333333333333,90.625,93.5,99.19893190921229,88.4
flexolmo-5x7B-math_rl-code_rl-tool_use_sft-safety_sft-1.0-1e-4-4-active,Olmo 7B Baselines - Safety (run 1),,/weka/oe-training-default/ai2-llm/checkpoints/jacobm/flex2-7B-sft/flexolmo-5x7B-math_rl-code_rl-tool_use_sft-safety_sft-1.0-1e-4-4-active/step1328-hf,default,46.894604408265494,27.30878128756512,28.86907619567863,37.352138778286374,44.903315417651385,52.190927861659574,44.294002665482004,93.34398865153538,57.975083247178915,20.06728814747319,3.883972468043264,37.88972508063277,25.669642857142854,4.3,47.61693684493889,24.37827602104954,65.42835481425323,3.2,52.926829268292686,51.455026455026456,11.50326797385621,10.194111197977561,64.51016635859519,15.306122448979592,44.294002665482004,97.0,89.6875,91.5,99.3324432576769,89.2
flexolmo-5x7B-math_rl-code_rl-tool_use_sft-safety_sft-1.0-1e-4-3-active,Olmo 7B Baselines - Safety (run 1),,/weka/oe-training-default/ai2-llm/checkpoints/jacobm/flex2-7B-sft/flexolmo-5x7B-math_rl-code_rl-tool_use_sft-safety_sft-1.0-1e-4-3-active/step1328-hf,default,42.88287804549281,27.027494796442422,28.13982537818442,36.97375753283172,37.007841032718105,33.664021164021165,43.672491238461916,93.69471517578994,57.144387563353085,20.06728814747319,3.870808678500986,37.244662878206114,24.553571428571427,4.1000000000000005,46.66106720596013,11.240852649211808,62.77482941622441,3.2,30.000000000000014,37.32804232804231,4.052287581699348,10.17672024126418,63.77079482439926,18.027210884353742,43.672491238461916,98.66666666666667,90.625,94.25,98.93190921228305,86.0
grpo_math_only_flex-base-7b-mixed-all-sft-6e-7_step_200,Full post-train baseline (run 1),,/weka/oe-training-default/ai2-llm/checkpoints/jacobm/flex2-7B-sft/flex-base-7b-DPO-olmo2-1e-6/grpo_math_only_flex-base-7b-mixed-all-sft-6e-7/grpo_math_only_flex-base-7b-mixed-all-sft-6e-7__1__1773965057_checkpoints/step_200/,default,47.07905783920523,27.865797331892463,31.420082196380488,45.10754790431255,49.54488546486444,41.679087624209586,42.89469371637297,91.04131063640409,59.84446171505989,19.75888413822107,3.9940461423964275,40.82322223928736,28.794642857142854,3.9,52.16246368909173,21.606829307287644,77.48294162244125,3.5999999999999996,42.98780487804878,40.37037037037039,7.09150326797386,17.756685457423618,72.45841035120148,18.70748299319728,42.89469371637297,86.66666666666667,86.875,85.0,98.6648865153538,98.0
BTX-5x7B-Test-5-Domains-0.05-1e-4,"Full btx baseline, 0.05% (run 1)",,/weka/oe-training-default/ai2-llm/checkpoints/jacobm/flex2-7B-sft/BTX-5x7B-Test-5-Domains-0.05-1e-4/step66-hf,default,39.67390903141044,25.992914420439003,27.3570688652795,38.13908723199371,36.06948023682225,35.242289327655186,20.095974628560146,94.82054850912327,55.66383137892499,18.609378285554076,3.7055335968379453,36.30778682230072,24.330357142857142,3.1,45.69013149596014,11.335321353098628,60.803639120545874,4.6,31.463414634146343,39.021164021164026,0.5228758169934642,8.625679085059511,67.65249537892791,18.367346938775512,20.095974628560146,98.33333333333333,92.1875,96.25,98.93190921228305,88.4
BTX-5x7B-Test-5-Domains-1.0-1e-4,"Full btx baseline, tool use first, 0.05% (run 1)",,/weka/oe-training-default/ai2-llm/checkpoints/jacobm/flex2-7B-sft/BTX-5x7B-Test-5-Domains-1.0-1e-4/step1328-hf,default,41.59701018099785,26.714770920320884,28.895924165591143,38.13513132547048,41.30145239324607,41.26726029165053,19.908983661582504,94.95554850912328,58.667963042170726,18.174808999789725,3.301540719002201,35.647365996006755,28.57142857142857,3.1,48.264902094929255,13.990319494604348,68.6125852918878,3.2,42.560975609756085,39.97354497354497,3.1209150326797372,9.72682457330695,66.54343807763401,19.387755102040817,19.908983661582504,98.33333333333333,92.8125,93.5,98.93190921228305,91.2
BTX-5x7B-Test-5-Domains-tool-first-0.05-1e-4,"Full btx baseline, tool use first, 0.05% (run 1)",,/weka/oe-training-default/ai2-llm/checkpoints/jacobm/flex2-7B-sft/BTX-5x7B-Test-5-Domains-tool-first-0.05-1e-4/step66-hf,default,42.867002665624355,25.868684276171994,27.41703209908208,37.440650668639606,37.51628860536093,34.095528455284544,42.928619379041415,94.80221517578994,56.550582527608654,18.020606995163664,3.0348633057436665,36.78390416218707,24.107142857142858,3.8,44.977081376998385,12.257747794497442,62.77482941622441,3.2,31.524390243902438,36.66666666666665,0.3594771241830067,8.522706143194188,66.35859519408503,21.768707482993197,42.928619379041415,97.66666666666667,90.3125,95.5,98.93190921228305,91.60000000000001
BTX-5x7B-Test-5-Domains-tool-first-FIXED-0.05-1e-4,"Full btx baseline, tool use first, 0.05% (run 1)",,/weka/oe-training-default/ai2-llm/checkpoints/jacobm/flex2-7B-sft/BTX-5x7B-Test-5-Domains-tool-first-FIXED-0.05-1e-4/step66-hf,default,46.70190323806412,23.88368285725959,30.55659182579307,36.418064647525895,62.12753473455578,32.094302490643955,47.93864455303816,93.8945015576324,55.6299093343821,13.632859045349408,2.3882801920472736,38.258332053448015,28.57142857142857,3.5999999999999996,51.796606678295696,39.721331789050915,84.53373768006065,7.3999999999999995,27.86585365853661,36.3227513227513,4.934640522875818,7.771434285809654,65.06469500924214,21.08843537414966,47.93864455303816,98.66666666666667,89.375,94.5,98.13084112149532,88.8
flexolmo-4x7B-math_rl-code_rl-tool_use_sft-0.05-1e-4,"Full 4x7b, 5x7b minus safety, 0.05% (run 1)",,/weka/oe-training-default/ai2-llm/checkpoints/jacobm/flex2-7B-sft/flexolmo-4x7B-math_rl-code_rl-tool_use_sft-0.05-1e-4/step62-hf,default,46.50051843842944,28.711389992283973,30.704539755230726,40.606699833180095,56.473170484774414,48.30623306233062,45.81507724961746,74.88651869158879,60.308878885621475,21.27286745636784,4.552423634862602,38.65765627399785,29.464285714285715,3.9,50.79621703263933,32.35498388084527,80.59135708870356,3.8,49.39024390243901,47.22222222222222,4.379084967320263,10.418575267099566,70.79482439926062,18.367346938775512,45.81507724961746,72.0,62.81250000000001,63.25000000000001,77.57009345794393,98.8
flexolmo-3x7B-math_rl-code_rl-0.05-1e-4,"Full 4x7b, 5x7b minus safety and tool use, 0.05% (run 1)",,/weka/oe-training-default/ai2-llm/checkpoints/jacobm/flex2-7B-sft/flexolmo-3x7B-math_rl-code_rl-0.05-1e-4/step78-hf,default,42.33751431851488,28.401561781245693,30.445961447093847,38.545001531651415,58.53920351390363,48.06604077945543,19.925670072560344,72.4391611036938,59.142752893362314,21.840611200672882,4.221321249701885,38.580863154661344,25.669642857142854,4.5,53.03333977657119,37.32101506419846,79.7573919636088,6.2,51.158536585365844,44.97354497354501,3.7418300653594776,8.698136150178977,68.39186691312385,15.646258503401361,19.925670072560344,65.66666666666667,59.375,60.25,78.1041388518024,98.8
7b-merge-model-baseline-5-domains,merge baseline with mid-training (run 1),,/weka/oe-adapt-default/jacobm/flexolmo/checkpoints/7b-merge-model-baseline-5-domains/,default,n/a,n/a,10.220730820161506,5.915036105493902,0.2735532942722922,0.3968253968253968,19.727528505849254,9.130055629728528,,,0.18256503879507072,7.510367071110428,16.517857142857142,0.0,16.854699066678457,0.016401508938822373,0.530705079605762,0.0,0.0,0.7936507936507936,0.0,0.0001276638528685074,11.829944547134936,17.006802721088434,19.727528505849254,6.666666666666665,11.875000000000002,5.75,18.95861148197597,2.4
7b-merge-model-baseline-5-domains-test-manual-latest,merge baseline with mid-training (run 1),,/weka/oe-adapt-default/jacobm/flexolmo/checkpoints/7b-merge-model-baseline-5-domains-test-manual-latest,default,36.8532772623928,29.18721379439101,29.992761371187992,42.56663548535904,32.856286028259284,25.118241063363016,19.727528505849254,78.52427458834,60.22838807933971,22.71675895423004,4.616494349603269,38.84195976040547,27.67857142857143,4.1000000000000005,49.35051429577506,11.656468948103099,54.05610310841546,3.5999999999999996,17.987804878048788,32.24867724867724,4.575163398692811,13.783917920810513,71.34935304990758,20.408163265306122,19.727528505849254,72.66666666666667,70.625,65.75,84.77970627503338,98.8
BTX-5x7B-Test-5-Domains-tool-first-FIXED-0.05-1e-4-4-active,Fixed BTX with fewer active experts (run 1),,/weka/oe-training-default/ai2-llm/checkpoints/jacobm/flex2-7B-sft/BTX-5x7B-Test-5-Domains-tool-first-FIXED-0.05-1e-4-4-active/step66-hf,default,45.08647916113375,24.216019048082924,29.707258746249394,35.01102104617303,59.01270726046981,28.178958575300037,45.53144775161657,93.9479417000445,55.187537896691566,14.466951706735824,2.9935675408213758,37.475042236215636,26.11607142857143,5.0,50.23792132021052,35.84194219341877,82.18347232752085,4.8,22.865853658536597,33.49206349206347,4.591503267973857,7.914833219887642,62.10720887245841,18.367346938775512,45.53144775161657,98.33333333333333,88.125,94.75,98.53137516688919,90.0
BTX-5x7B-Test-5-Domains-tool-first-FIXED-0.05-1e-4-3-active,Fixed BTX with fewer active experts (run 1),,/weka/oe-training-default/ai2-llm/checkpoints/jacobm/flex2-7B-sft/BTX-5x7B-Test-5-Domains-tool-first-FIXED-0.05-1e-4-3-active/step66-hf,default,39.715253020762056,24.568620053989292,28.68044640231812,34.7377249976763,31.69073386380241,20.154697380307137,44.49261809566119,93.6819303515799,54.271162548418886,16.40849512861849,3.026202484930496,37.229304254338814,28.348214285714285,4.5,44.64426706921937,11.069109880751151,52.31235784685367,2.0,14.939024390243913,25.37037037037036,2.401960784313725,8.292455540639114,61.182994454713494,15.98639455782313,44.49261809566119,98.33333333333333,91.5625,94.25,97.86381842456609,86.4
BTX-5x7B-Test-5-Domains-tool-first-FIXED-0.05-1e-4-2-active,Fixed BTX with fewer active experts (run 1),,/weka/oe-training-default/ai2-llm/checkpoints/jacobm/flex2-7B-sft/BTX-5x7B-Test-5-Domains-tool-first-FIXED-0.05-1e-4-2-active/step66-hf,default,38.69866304210352,24.091638597292988,26.600568994307988,35.28662979901444,25.96455643720069,20.831074977416435,43.563159583395034,94.55301290609702,53.605206023502575,15.364127006378355,3.305582761998042,35.81631085854708,24.776785714285715,2.5,43.30917940439916,8.411296346728903,43.51781652767248,3.4000000000000004,15.365853658536594,26.29629629629628,1.209150326797385,7.172150540727587,63.4011090573013,18.027210884353742,43.563159583395034,99.66666666666667,91.25,94.25,98.79839786381842,88.8
BTX-5x7B-Test-5-Domains-tool-first-FIXED-0.05-1e-4-1-active,Fixed BTX with fewer active experts (run 1),,/weka/oe-training-default/ai2-llm/checkpoints/jacobm/flex2-7B-sft/BTX-5x7B-Test-5-Domains-tool-first-FIXED-0.05-1e-4-1-active/step66-hf,default,28.99049346320976,15.720019815986449,20.557667180936278,24.45221658893153,10.805159795214053,7.6132404181184725,38.54951626437633,85.2356341789052,35.9936416607441,9.749772201584076,1.4166455856311664,26.754722776839195,22.098214285714285,1.7999999999999998,31.57773166119163,3.945421940693457,17.664897649734648,2.1999999999999997,4.512195121951219,10.714285714285726,0.08169934640522875,1.9543407564212918,46.950092421441774,16.666666666666664,38.54951626437633,91.0,83.75,82.5,96.12817089452604,72.8
olmo2-7b-CONTINUED-mixed_all_sft-fixed,Continued pretraining baseline - SFT only (run 1),,/weka/oe-training-default/ai2-llm/checkpoints/jacobm/olmo2-7B-sft/olmo2-7b-CONTINUED-mixed_all_sft-fixed/step1856-hf,default,44.820503201612645,26.7753418698811,29.105228321781382,37.5926503998168,42.03454112752556,42.69260549748354,41.73083320993139,93.8123219848687,58.864346966452096,18.020606995163664,3.4410716480275285,36.661035171248656,27.232142857142854,4.5,48.02773525873401,13.636936690229284,70.43214556482184,3.8,44.51219512195122,40.873015873015866,3.3660130718954253,8.826705605548568,66.35859519408503,17.687074829931973,41.73083320993139,98.66666666666667,89.0625,94.0,99.3324432576769,88.0
FlexOlmo-5x7B-final-math_sft-FINAL-0.05-1e-4,Upgrade baseline - math sft (run 1),,/weka/oe-training-default/ai2-llm/checkpoints/jacobm/flex2-7B-sft/FlexOlmo-5x7B-final-math_sft-FINAL-0.05-1e-4/step70-hf,default,46.99021492882526,28.89036973719607,31.236806117285713,38.025701858527746,43.23513684142296,49.60962704865143,45.00418332592922,92.92967957276369,60.16220819227856,21.966776477185114,4.542124542124542,38.1968975579788,30.80357142857143,3.5999999999999996,52.34675548259262,21.269363902709465,65.20090978013646,4.8,51.097560975609724,48.121693121693134,4.4934640522875835,10.61702294071539,65.4343807763401,16.3265306122449,45.00418332592922,96.0,88.75,93.5,98.79839786381842,87.6
grpo_math_only_flex-base-mixed-anneal-7b-DPO-olmo2-6e-7_step_100,7B retrain from base baseline RLVR (run 1),,/weka/oe-training-default/ai2-llm/checkpoints/jacobm/flex2-7B-sft/flex-base-mixed-anneal-7b-DPO-olmo2-1e-6//grpo_math_only_flex-base-mixed-anneal-7b-DPO-olmo2-6e-7/grpo_math_only_flex-base-mixed-anneal-7b-DPO-olmo2-6e-7__1__1774400063_checkpoints/step_100,default,50.539654384974426,26.951734607597388,31.817739833820326,43.18596873507846,55.93779283267854,59.608820492966856,45.892618095661184,90.38290609701825,61.595486827555234,15.812714656199622,3.4470023390373012,39.80955306404546,27.232142857142854,5.1,55.12926341409299,31.43585859939802,80.43972706595906,6.4,64.08536585365854,55.132275132275176,17.091503267973856,16.13164172154325,70.24029574861368,21.428571428571427,45.892618095661184,83.66666666666667,86.25,88.0,98.39786381842457,95.6
grpo_math_only_flex-base-BASE-fixed-7b-DPO-olmo2-6e-7_step_100,7B retrain from base baseline RLVR (no mid-train) (run 1),,/weka/oe-training-default/ai2-llm/checkpoints/jacobm/flex2-7B-sft/flex-base-BASE-fixed-7b-DPO-olmo2-1e-6/grpo_math_only_flex-base-BASE-fixed-7b-DPO-olmo2-6e-7/grpo_math_only_flex-base-BASE-fixed-7b-DPO-olmo2-6e-7__1__1774400304_checkpoints/step_100,default,47.76092810300509,28.55682730617649,31.346807670752515,43.88633295663929,48.736772822375215,43.6070783326881,45.346117774816136,92.84655985758789,61.461509433819714,20.228499334127708,3.98047315058205,40.2549531561972,27.455357142857146,4.1000000000000005,53.576920383955716,19.83897399956469,77.63457164518574,4.6,44.939024390243915,42.27513227513228,5.849673202614383,16.977841514017964,70.79482439926062,19.727891156462583,45.346117774816136,92.33333333333333,87.5,86.0,99.59946595460613,98.8
grpo_math_only_olmo2-7b-CONTINUED-mixed_all_sft-6e-7_step_300,7B continued post-train (no mid-train) (run 1),,/weka/oe-training-default/ai2-llm/checkpoints/jacobm/olmo2-7B-sft/olmo2-7b-CONTINUED-mixed_all_sft-fixed/step1856-hf/grpo_math_only_olmo2-7b-CONTINUED-mixed_all_sft-6e-7/grpo_math_only_olmo2-7b-CONTINUED-mixed_all_sft-6e-7__1__1774407287_checkpoints/step_300,default,45.26081232419619,26.843424771573762,29.382206806903504,38.78012475398317,45.01128440934669,42.877306749257954,40.85155239646577,93.07978638184247,58.666920500712116,18.420130370785728,3.443223443223443,36.72246966671786,28.57142857142857,4.0,48.234928989467576,15.344782617025462,74.67778620166793,5.0,45.30487804878048,40.449735449735435,4.003267973856209,8.613853944195556,68.94639556377079,17.346938775510203,40.85155239646577,97.0,87.5,92.5,99.19893190921229,89.2
FlexOlmo-5x7B-final-0.01-1e-4,Final model RT percent sweep (run 1),,/weka/oe-training-default/ai2-llm/checkpoints/jacobm/flex2-7B-sft/FlexOlmo-5x7B-final-0.01-1e-4/step12-hf,default,44.40251979385513,28.057132802780483,30.60997883847716,26.6968421283893,49.74272274447925,39.687379016647306,45.27466558072956,90.74891744548287,58.1075879096813,21.76351019835985,4.3003003003003,37.69006297035786,30.357142857142854,4.3999999999999995,49.99270952640793,27.233739651202633,72.25170583775588,2.4,42.07317073170733,37.30158730158728,6.09477124183007,10.325292389865472,43.068391866913124,13.60544217687075,45.27466558072956,95.66666666666667,84.0625,89.75,99.06542056074767,85.2
FlexOlmo-5x7B-final-0.1-1e-4,Final model RT percent sweep (run 1),,/weka/oe-training-default/ai2-llm/checkpoints/jacobm/flex2-7B-sft/FlexOlmo-5x7B-final-0.1-1e-4/step132-hf,default,48.85597177537533,28.446493565344998,29.969661404838813,39.09505473657416,56.5549896449885,50.48828881145954,43.78350362801718,93.65381063640409,59.8356213251907,21.244830728254012,4.259028642590287,39.333435724159116,26.339285714285715,4.0,50.20592418091042,33.73166238322946,79.37831690674754,4.6,50.18292682926827,50.79365079365081,4.199346405228761,10.907299861318384,67.28280961182995,17.687074829931973,43.78350362801718,96.66666666666667,90.9375,94.0,98.6648865153538,88.0
FlexOlmo-5x7B-final-0.25-1e-4,Final model RT percent sweep (run 1),,/weka/oe-training-default/ai2-llm/checkpoints/jacobm/flex2-7B-sft/FlexOlmo-5x7B-final-0.25-1e-4/step332-hf,default,49.13800180505687,28.296529824292275,30.19618941622294,38.94563511213504,55.21527975470667,53.12556458897923,43.923658620859854,94.26315531820205,59.298168422286054,21.16772972594098,4.42369132464979,37.459683612348336,30.357142857142854,3.8,49.16793119540057,31.582947682271573,78.84761182714178,4.6,53.65853658536586,52.59259259259261,4.575163398692813,9.31456042759724,68.57670979667283,14.965986394557824,43.923658620859854,98.33333333333333,90.0,95.25,99.3324432576769,88.4
FlexOlmo-5x7B-final-0.5-1e-4,Final model RT percent sweep (run 1),,/weka/oe-training-default/ai2-llm/checkpoints/jacobm/flex2-7B-sft/FlexOlmo-5x7B-final-0.5-1e-4/step664-hf,default,47.91857230291565,27.71104511420104,29.497016974176898,37.882063417275,48.37471085255881,53.23315911730547,44.6329507873044,94.09905985758789,58.842394782394216,20.158407513843134,4.132333046365761,37.766856089694365,28.348214285714285,3.5000000000000004,48.37299752129894,26.39309115166804,70.35633055344958,3.4000000000000004,54.08536585365855,52.38095238095239,5.343137254901966,11.623646243052779,64.14048059149722,20.408163265306122,44.6329507873044,98.33333333333333,90.3125,94.25,99.59946595460613,88.0
FlexOlmo-5x7B-final-0.75-1e-4,Final model RT percent sweep (run 1),,/weka/oe-training-default/ai2-llm/checkpoints/jacobm/flex2-7B-sft/FlexOlmo-5x7B-final-0.75-1e-4/step996-hf,default,47.46589254226857,27.502764745598387,28.822965673760418,37.07818446823162,46.33074748767807,52.847786811201466,45.192381163927145,94.48641744548287,58.727725158695506,19.969159599074786,3.8114094790248734,38.42727691598833,25.892857142857146,3.4000000000000004,47.5717286361962,26.09591499051914,66.565579984837,3.2,53.65853658536586,52.037037037037074,6.274509803921573,8.721988160123132,65.4343807763401,19.387755102040817,45.192381163927145,98.66666666666667,91.25,96.25,99.06542056074767,87.2
FlexOlmo-5x7B-final-1.0-1e-4,Final model RT percent sweep (run 1),,/weka/oe-training-default/ai2-llm/checkpoints/jacobm/flex2-7B-sft/FlexOlmo-5x7B-final-1.0-1e-4/step1328-hf,default,47.639941576496504,27.63737286370733,30.000630500431704,39.336139579583254,43.83225983260174,54.175861401471174,44.28670714250456,94.2106197151758,59.069866052104004,19.85701268661947,3.985239852398524,37.72078021809246,30.357142857142854,4.2,47.72459892649151,22.766869930556023,64.89764973464746,4.2,54.939024390243915,53.41269841269843,7.614379084967327,11.943998197983522,66.72828096118299,17.346938775510203,44.28670714250456,97.66666666666667,89.6875,94.5,99.19893190921229,90.0
