step,loss,pg_loss,pg_clipfrac,ppo_kl,ess_ratio,train_rollout_logprob_abs_diff,train_rollout_kl,tis,tis_clipfrac,tis_abs,auxiliary_load_balancing,auxiliary_router_z,lr-pg_0,lr-pg_1,lr_used-pg_0,lr_used-pg_1,grad_norm
1,-6.757676601409912e-06,-6.757676601409912e-06,0.0,0.0,1.0,0.006397358141839504,0.00010190129250986502,1.0000832080841064,0.0,0.0063977548852562904,0.1936181902885437,8.519018322229387e-05,1e-06,1e-06,1e-06,1e-06,0.1174415573477745
2,1.971609890460968e-06,1.971609890460968e-06,0.0,0.0,1.0,0.007138377986848354,0.0001196760858874768,0.9999562501907349,0.0,0.007135632447898388,0.19396926283836366,8.969191376119853e-05,1e-06,1e-06,1e-06,1e-06,0.13290444016456604
3,2.6771333068609238e-05,2.6771333068609238e-05,0.0,0.0,1.0,0.0071060750633478165,0.00011831882875412703,1.0000638961791992,0.0,0.00710675586014986,0.19377990156412125,8.675846159458161e-05,1e-06,1e-06,1e-06,1e-06,0.20475460588932037
4,2.0541250705718994e-05,2.0541250705718994e-05,0.0,0.0,1.0,0.010498156771063805,0.0003980466572102159,1.0000901222229004,1.354573032585904e-05,0.010513946413993835,0.19295124650001527,8.664217161014675e-05,1e-06,1e-06,1e-06,1e-06,0.15171517431735992
5,8.221715688705444e-06,8.221715688705444e-06,0.0,0.0,1.0,0.01047492865473032,0.0003660251386463642,1.0000505447387695,0.0,0.010473819449543953,0.19443774491548538,8.628859207034112e-05,1e-06,1e-06,1e-06,1e-06,0.18449170887470245
6,3.0994415283203125e-06,3.0994415283203125e-06,0.0,0.0,1.0,0.006442840211093426,0.00010390626266598701,0.9999669790267944,0.0,0.006438395939767361,0.19314456820487974,8.464761335402727e-05,1e-06,1e-06,1e-06,1e-06,0.10869277268648148
7,1.751817762851715e-06,1.751817762851715e-06,0.0,0.0,1.0,0.007117691449820995,0.00011933430505450815,0.9999682903289795,0.0,0.007114287465810776,0.1935073861479759,8.592262730002404e-05,1e-06,1e-06,1e-06,1e-06,0.20923329889774323
8,1.9744038581848145e-06,1.9744038581848145e-06,0.0,0.0,1.0,0.01005733385682106,0.0003479114966467023,0.9997879266738892,1.6837284420034848e-05,0.010046926327049732,0.19351602226495745,8.390763536095618e-05,1e-06,1e-06,1e-06,1e-06,0.289604127407074
9,-2.1629035472869873e-05,-2.1629035472869873e-05,0.0,0.0,1.0,0.007418885827064514,0.00012171470007160679,1.0000603199005127,0.0,0.007416246458888054,0.19472128868103028,8.61396722495556e-05,1e-06,1e-06,1e-06,1e-06,0.24880774319171906
10,-3.010779619216919e-05,-3.010779619216919e-05,0.0,0.0,1.0,0.010041801258921623,0.00036340838414616883,0.9999258518218994,0.0,0.010019797831773758,0.19394225180149077,8.477600561454892e-05,1e-06,1e-06,1e-06,1e-06,0.18880589306354523
11,-5.95487654209137e-06,-5.95487654209137e-06,0.0,0.0,1.0,0.00930800661444664,0.00032707524951547384,0.9998197555541992,0.0,0.009282540529966354,0.19212428689002992,8.520974799990655e-05,1e-06,1e-06,1e-06,1e-06,0.19149823486804962
12,6.0614198446273804e-05,6.0614198446273804e-05,0.0,0.0,1.0,0.010424461215734482,0.00036578014260157943,1.0000989437103271,0.0,0.010423174127936363,0.1947824701666832,9.033308178186416e-05,1e-06,1e-06,1e-06,1e-06,0.17610836029052734
13,1.2890435755252838e-05,1.2890435755252838e-05,0.0,0.0,1.0,0.009844912216067314,0.0003569849650375545,1.0000783205032349,0.0,0.00985290389508009,0.19339002341032027,8.453534493222833e-05,1e-06,1e-06,1e-06,1e-06,0.16078853607177734
14,1.4590099453926086e-05,1.4590099453926086e-05,0.0,0.0,1.0,0.011070264503359795,0.0003899168805219233,0.9998893737792969,0.0,0.01105542667210102,0.1944717028737068,8.468884026631714e-05,1e-06,1e-06,1e-06,1e-06,0.21560397744178772
15,2.1607615053653717e-05,2.1607615053653717e-05,0.0,0.0,1.0,0.009439416229724884,0.00032666034530848265,1.0000054836273193,0.0,0.009430334903299809,0.19342324614524842,8.134278494864702e-05,1e-06,1e-06,1e-06,1e-06,0.18908190727233887
16,3.4185126423835754e-05,3.4185126423835754e-05,0.0,0.0,1.0,0.009970460087060928,0.00035461949300952256,1.0000905990600586,7.62939453125e-06,0.009965878911316395,0.19302184820175175,8.632429782301188e-05,1e-06,1e-06,1e-06,1e-06,0.1332348883152008
17,-9.052455425262451e-06,-9.052455425262451e-06,0.0,0.0,1.0,0.00957795325666666,0.0003104282368440181,0.9998984336853027,0.0,0.009568314999341965,0.1935796898603439,8.417886434122921e-05,1e-06,1e-06,1e-06,1e-06,0.20375120639801025
18,-7.541850209236145e-06,-7.541850209236145e-06,0.0,0.0,1.0,0.009913192130625248,0.00030663542565889657,1.0000609159469604,0.0,0.00990475993603468,0.19383411765098568,8.471381589770319e-05,1e-06,1e-06,1e-06,1e-06,0.2051999717950821
19,2.2798776626586914e-06,2.2798776626586914e-06,0.0,0.0,1.0,0.009039506316184998,0.0002838094951584935,0.9999586343765259,0.0,0.009022284299135208,0.193284649848938,8.323749212548137e-05,1e-06,1e-06,1e-06,1e-06,0.1708066314458847
20,2.1230429410934448e-05,2.1230429410934448e-05,0.0,0.0,1.0,0.010272055864334106,0.00037625915138050914,1.0000855922698975,0.0,0.01026199571788311,0.19392274260520936,8.32597815617919e-05,1e-06,1e-06,1e-06,1e-06,0.16088323295116425
21,2.2314488887786865e-05,2.2314488887786865e-05,0.0,0.0,1.0,0.009942750446498394,0.0003369428450241685,0.9999016523361206,0.0,0.009922089986503124,0.19371098160743713,8.275887655094267e-05,1e-06,1e-06,1e-06,1e-06,0.20400549471378326
22,-6.733648478984833e-05,-6.733648478984833e-05,0.0,0.0,1.0,0.00920503307133913,0.00030403892742469907,1.0001654624938965,0.0,0.009199718944728374,0.1931655025482178,8.564759191125631e-05,1e-06,1e-06,1e-06,1e-06,0.24176163971424103
23,2.1047890186309814e-06,2.1047890186309814e-06,0.0,0.0,1.0,0.010323813185095787,0.0003935963904950768,1.0001020431518555,0.0,0.010326433926820755,0.19356061190366747,8.371870230883361e-05,1e-06,1e-06,1e-06,1e-06,0.21247529983520508
24,-2.1753832697868347e-05,-2.1753832697868347e-05,0.0,0.0,1.0,0.01174244936555624,0.00046175901661626995,1.0001580715179443,7.62939453125e-06,0.011748194694519043,0.19345666289329527,8.116944724693896e-05,1e-06,1e-06,1e-06,1e-06,0.11310050636529922
25,2.905726432800293e-07,2.905726432800293e-07,0.0,0.0,1.0,0.010019699111580849,0.0003722684341482818,1.0000598430633545,0.0,0.010013560764491558,0.1930570450425148,8.273508939892054e-05,1e-06,1e-06,1e-06,1e-06,0.16552545130252838
26,5.3590163588523865e-05,5.3590163588523865e-05,0.0,0.0,1.0,0.01005028747022152,0.0003339659597259015,0.9998255968093872,7.62939453125e-06,0.010030239820480347,0.19406609416007997,7.991556612774731e-05,1e-06,1e-06,1e-06,1e-06,0.20070353150367737
27,1.5878118574619293e-05,1.5878118574619293e-05,0.0,0.0,1.0,0.010529457591474056,0.0004111930029466748,0.9998489022254944,0.0,0.010495497845113277,0.1927496501803398,8.455239228904248e-05,1e-06,1e-06,1e-06,1e-06,0.16137851774692535
28,1.5852972865104675e-05,1.5852972865104675e-05,0.0,0.0,1.0,0.009570209309458733,0.0003258178767282516,1.0001418590545654,0.0,0.009554808028042316,0.1939421314001083,7.855879329144955e-05,1e-06,1e-06,1e-06,1e-06,0.15347270667552948
29,6.392598152160645e-05,6.392598152160645e-05,0.0,0.0,1.0,0.008479220792651176,0.0003152543504256755,0.9998592138290405,0.0,0.008449181914329529,0.19252421110868453,7.638129156082869e-05,1e-06,1e-06,1e-06,1e-06,0.1421133428812027
30,-0.00010321103036403656,-0.00010321103036403656,0.0,0.0,1.0,0.010316014289855957,0.00038958678487688303,1.0000914335250854,0.0,0.01029258407652378,0.1928189301490784,8.525454239919782e-05,1e-06,1e-06,1e-06,1e-06,0.25127658247947693
31,-9.025260806083679e-05,-9.025260806083679e-05,0.0,0.0,1.0,0.010804242454469204,0.0004234430380165577,0.9995672702789307,0.0,0.010765187442302704,0.1935596811771393,8.117853306233885e-05,1e-06,1e-06,1e-06,1e-06,0.5281728506088257
32,-1.0795891284942627e-05,-1.0795891284942627e-05,0.0,0.0,1.0,0.0102666225284338,0.0003784527361858636,1.0000619888305664,0.0,0.010255273431539536,0.19360840767621995,7.917241314426066e-05,1e-06,1e-06,1e-06,1e-06,0.203110471367836
33,9.249895811080933e-06,9.249895811080933e-06,0.0,0.0,1.0,0.010615365579724312,0.000366286258213222,0.9999675750732422,7.62939453125e-06,0.010598191991448402,0.1946187335252762,9.23997400701046e-05,1e-06,1e-06,1e-06,1e-06,0.1513606160879135
34,3.2410025596618652e-06,3.2410025596618652e-06,0.0,0.0,1.0,0.0111007671803236,0.000440972886281088,0.9999817609786987,0.0,0.011084463447332382,0.1930555483698845,7.978951767086984e-05,1e-06,1e-06,1e-06,1e-06,0.13206571340560913
35,-9.015202522277832e-07,-9.015202522277832e-07,0.0,0.0,1.0,0.008762246929109097,0.00030230931588448584,1.0000218152999878,0.0,0.00875534676015377,0.19207450449466706,7.992630692198874e-05,1e-06,1e-06,1e-06,1e-06,0.11791988462209702
36,2.7944333851337433e-05,2.7944333851337433e-05,0.0,0.0,1.0,0.00961419939994812,0.0003028998035006225,0.9999061822891235,0.0,0.009596992284059525,0.19411421090364456,8.594697538763285e-05,1e-06,1e-06,1e-06,1e-06,0.21240738034248352
37,2.9571354389190674e-05,2.9571354389190674e-05,0.0,0.0,1.0,0.009403730742633343,0.0003203300875611603,1.0000394582748413,0.0,0.009395357221364975,0.19280743867158895,7.95329923927784e-05,1e-06,1e-06,1e-06,1e-06,0.2562110424041748
38,-9.783543646335602e-06,-9.783543646335602e-06,0.0,0.0,1.0,0.008566219359636307,0.00025743263540789485,1.000022530555725,0.0,0.008559023961424828,0.19255924403667452,7.901024719700217e-05,1e-06,1e-06,1e-06,1e-06,0.14052201807498932
39,2.663116902112961e-06,2.663116902112961e-06,0.0,0.0,1.0,0.009886794723570347,0.0003796303062699735,1.0001949071884155,0.0,0.009881870821118355,0.1928631350398064,7.795000523328781e-05,1e-06,1e-06,1e-06,1e-06,0.15680523216724396
40,3.4047290682792664e-05,3.4047290682792664e-05,0.0,0.0,1.0,0.009518381208181381,0.00032323290361091495,1.0000982284545898,0.0,0.009509097784757614,0.19350363880395888,8.153788758441806e-05,1e-06,1e-06,1e-06,1e-06,0.14076076447963715
41,2.9653776437044144e-05,2.9653776437044144e-05,0.0,0.0,1.0,0.010917793959379196,0.000416302791563794,1.0000873804092407,7.62939453125e-06,0.01091708056628704,0.19335989117622376,8.05319614894688e-05,1e-06,1e-06,1e-06,1e-06,0.12600183486938477
42,-2.3581087589263916e-06,-2.3581087589263916e-06,0.0,0.0,1.0,0.009175698272883892,0.00037342478753998876,1.0002689361572266,0.0,0.009191935881972313,0.19281966596841812,7.84821615740657e-05,1e-06,1e-06,1e-06,1e-06,0.13322444260120392
43,-1.3854354619979858e-05,-1.3854354619979858e-05,0.0,0.0,1.0,0.009637372568249702,0.0003645234974101186,0.9997237920761108,0.0,0.009578893892467022,0.1932111364603043,8.12948976457119e-05,1e-06,1e-06,1e-06,1e-06,0.1777074784040451
44,-3.2452866435050964e-05,-3.2452866435050964e-05,0.0,0.0,1.0,0.01020975410938263,0.0003750693576876074,1.0001025199890137,0.0,0.010207915678620338,0.19363640666007997,7.508656231686474e-05,1e-06,1e-06,1e-06,1e-06,0.16189070045948029
45,5.783885717391968e-05,5.783885717391968e-05,0.0,0.0,1.0,0.00888717919588089,0.0003153830475639552,0.9998829364776611,1.4321723028842825e-05,0.008875008672475815,0.19360880553722382,7.483206575736404e-05,1e-06,1e-06,1e-06,1e-06,0.11149219423532486
46,-5.21540641784668e-07,-5.21540641784668e-07,0.0,0.0,1.0,0.008200163021683693,0.0002479831164237112,1.000133752822876,0.0,0.00819982960820198,0.19253831416368483,8.23940276168287e-05,1e-06,1e-06,1e-06,1e-06,0.09721790999174118
47,-9.275972843170166e-06,-9.275972843170166e-06,0.0,0.0,1.0,0.008732800371944904,0.00030527598573826253,1.0000004768371582,0.0,0.00870771799236536,0.19335171014070512,7.830616896972061e-05,1e-06,1e-06,1e-06,1e-06,0.1397632509469986
48,-2.0835548639297485e-05,-2.0835548639297485e-05,0.0,0.0,1.0,0.009513642638921738,0.0003593343135435134,1.0000824928283691,1.6419831808889285e-05,0.009500674903392792,0.1928427219390869,7.930201398208739e-05,1e-06,1e-06,1e-06,1e-06,0.17154723405838013
49,-2.134963870048523e-05,-2.134963870048523e-05,0.0,0.0,1.0,0.009752410463988781,0.00040144953527487814,1.0000381469726562,1.875039015430957e-05,0.009736975654959679,0.1932016941905022,7.609741298481823e-05,1e-06,1e-06,1e-06,1e-06,0.17127610743045807
50,5.2208080887794495e-05,5.2208080887794495e-05,0.0,0.0,1.0,0.010930933058261871,0.0004530122969299555,0.9998401403427124,0.0,0.010887756012380123,0.19319229036569596,7.839810496196152e-05,1e-06,1e-06,1e-06,1e-06,0.15701089799404144
51,2.775341272354126e-06,2.775341272354126e-06,0.0,0.0,1.0,0.008546301163733006,0.0002981032885145396,1.0001263618469238,0.0,0.008557489141821861,0.1927783417701721,7.410481780767441e-05,1e-06,1e-06,1e-06,1e-06,0.09666521102190018
52,8.301809430122375e-06,8.301809430122375e-06,0.0,0.0,1.0,0.008836237713694572,0.00030104946927167475,1.00010085105896,0.0,0.00883550476282835,0.1933699068427086,8.019096232950688e-05,1e-06,1e-06,1e-06,1e-06,0.21653304994106293
53,0.00011578761041164398,0.00011578761041164398,0.0,0.0,1.0,0.011654049158096313,0.0005075191147625446,1.0000157356262207,1.52587890625e-05,0.011647537350654602,0.19363598346710206,7.612997516989709e-05,1e-06,1e-06,1e-06,1e-06,0.2137923538684845
54,5.150213837623596e-06,5.150213837623596e-06,0.0,0.0,1.0,0.009815685451030731,0.00041361304465681314,0.999791145324707,0.0,0.009765843860805035,0.1930353543162346,7.99325243011117e-05,1e-06,1e-06,1e-06,1e-06,0.1379813700914383
55,7.1730464696884155e-06,7.1730464696884155e-06,0.0,0.0,1.0,0.008248692378401756,0.0002639220911078155,0.9999655485153198,0.0,0.008230816572904587,0.19279979854822155,7.884901620447638e-05,1e-06,1e-06,1e-06,1e-06,0.1280980408191681
56,2.888217568397522e-05,2.888217568397522e-05,0.0,0.0,1.0,0.0097780991345644,0.0004052956064697355,1.0000877380371094,4.001280467491597e-05,0.009773444384336472,0.1930111908912659,7.68229564651847e-05,1e-06,1e-06,1e-06,1e-06,0.14076438546180725
57,1.2569129467010498e-05,1.2569129467010498e-05,0.0,0.0,1.0,0.008962138555943966,0.00031917987507767975,1.0000747442245483,0.0,0.008954968303442001,0.19332292675971988,7.710370473563672e-05,1e-06,1e-06,1e-06,1e-06,0.12650038301944733
58,-4.9658119678497314e-06,-4.9658119678497314e-06,0.0,0.0,1.0,0.00966728013008833,0.00035458378260955215,0.9998282194137573,0.0,0.009637448936700821,0.19269138753414156,7.574342647567392e-05,1e-06,1e-06,1e-06,1e-06,0.18399405479431152
59,-4.908256232738495e-05,-4.908256232738495e-05,0.0,0.0,1.0,0.008731827139854431,0.0003308755985926837,1.0000239610671997,0.0,0.008739488199353218,0.19290066570043565,7.491780275478959e-05,1e-06,1e-06,1e-06,1e-06,0.19818422198295593
60,-2.6086345314979553e-05,-2.6086345314979553e-05,0.0,0.0,1.0,0.009692508727312088,0.00034342677099630237,0.9999535083770752,0.0,0.009678170084953308,0.19318137228488924,7.57278647273779e-05,1e-06,1e-06,1e-06,1e-06,0.13339562714099884
