run,step,task,primary_metric,primary_score,n_items,tok_mean,tok_corr_mean,tok_inc_mean
Baseline,100,aime,pass_at_1,0.0010416666666666667,30,2628.265625,2823.03125,2621.549568965517
Baseline,100,alpaca_eval,length_controlled_winrate,1.3145990691377871,805,2715.03850931677,,
Baseline,100,ifeval_mt_wildchat_unused_withRewrite,prompt_level_loose_acc,0.3528748590755355,1774,1906.4797068771138,1385.332268370607,2190.659407665505
Baseline,100,ifeval_mt_ood_wildchat_unused_withRewrite,prompt_level_loose_acc,0.2768565248738284,1387,2138.7851478010093,2085.6822916666665,2159.1156530408775
Baseline,100,ifeval_ood,prompt_level_loose_acc,0.17,300,3633.7933333333335,3265.627450980392,3709.2008032128515
Baseline,100,livecodebench_codegeneration,pass_at_1,0.03758169934640523,612,2041.5702614379086,471.4347826086956,2102.8828522920203
Baseline,100,minerva_math_500,exact_match_flex,0.23,500,2262.802,354.90434782608696,2832.6935064935064
Baseline,200,aime,pass_at_1,0.0020833333333333333,30,2029.0822916666666,2222.28125,2015.2823660714287
Baseline,200,alpaca_eval,length_controlled_winrate,2.570002025506132,805,1938.9341614906832,,
Baseline,200,ifeval_mt_wildchat_unused_withRewrite,prompt_level_loose_acc,0.4616685456595265,1774,1224.759301014656,879.7887667887668,1520.6031413612566
Baseline,200,ifeval_mt_ood_wildchat_unused_withRewrite,prompt_level_loose_acc,0.32588320115356884,1387,1484.286950252343,1367.033185840708,1540.9700534759359
Baseline,200,ifeval_ood,prompt_level_loose_acc,0.22666666666666666,300,2202.5833333333335,2265.205882352941,2184.228448275862
Baseline,200,livecodebench_codegeneration,pass_at_1,0.049019607843137254,612,915.1503267973857,356.2,943.9621993127148
Baseline,200,minerva_math_500,exact_match_flex,0.34,500,1502.036,454.00588235294117,2041.930303030303
Baseline,300,aime,pass_at_1,0.00833333333333333,30,1683.7291666666667,1019.484375,1731.1752232142858
Baseline,300,alpaca_eval,length_controlled_winrate,3.9093984517794595,805,1531.3714285714286,,
Baseline,300,livecodebench_codegeneration,pass_at_1,0.05228758169934641,612,650.3284313725491,216.46875,674.2655172413793
Baseline,300,minerva_math_500,exact_match_flex,0.462,500,970.312,380.030303030303,1477.2081784386617
Baseline,400,aime,pass_at_1,0.006249999999999996,30,1753.4177083333334,1522.46875,1779.0787037037037
Baseline,400,alpaca_eval,length_controlled_winrate,5.812951216992601,805,1251.0385093167702,,
Baseline,400,ifeval_mt_wildchat_unused_withRewrite,prompt_level_loose_acc,0.5834272829763247,1774,814.7773393461105,475.52657004830917,1289.9120433017592
Baseline,400,ifeval_mt_ood_wildchat_unused_withRewrite,prompt_level_loose_acc,0.441240086517664,1387,917.5472242249459,658.2483660130719,1122.3096774193548
Baseline,400,ifeval_ood,prompt_level_loose_acc,0.32666666666666666,300,1320.5833333333333,1172.234693877551,1392.5544554455446
Baseline,400,livecodebench_codegeneration,pass_at_1,0.05555555555555555,612,248.26307189542484,88.6470588235294,257.6522491349481
Baseline,400,minerva_math_500,exact_match_flex,0.484,500,925.8,371.08677685950414,1446.1124031007753
Baseline,500,aime,pass_at_1,0.005208333333333333,30,1042.4979166666667,792.6979166666666,1070.2534722222222
Baseline,500,alpaca_eval,length_controlled_winrate,4.948650131745882,805,1062.47950310559,,
Baseline,500,ifeval_mt_wildchat_unused_withRewrite,prompt_level_loose_acc,0.6054114994363021,1774,667.456595264938,434.9478584729981,1024.1914285714286
Baseline,500,ifeval_mt_ood_wildchat_unused_withRewrite,prompt_level_loose_acc,0.4787310742609949,1387,819.7865897620765,542.1490963855422,1074.7676348547718
Baseline,500,ifeval_ood,prompt_level_loose_acc,0.3433333333333333,300,1051.7266666666667,644.2621359223301,1264.766497461929
Baseline,500,livecodebench_codegeneration,pass_at_1,0.06045751633986928,612,167.71732026143792,71.86486486486487,173.88521739130434
Baseline,500,minerva_math_500,exact_match_flex,0.492,500,757.446,376.6829268292683,1126.216535433071
Baseline,600,aime,pass_at_1,0.00625,30,1087.9520833333333,951.6640625,1108.9194711538462
Baseline,600,alpaca_eval,length_controlled_winrate,5.565943112485924,805,1071.135403726708,,
Baseline,600,ifeval_mt_wildchat_unused_withRewrite,prompt_level_loose_acc,0.6544532130777903,1774,619.7130777903044,387.687338501292,1059.1615008156607
Baseline,600,ifeval_mt_ood_wildchat_unused_withRewrite,prompt_level_loose_acc,0.5010814708002884,1387,778.098774333093,489.7568345323741,1067.6907514450868
Baseline,600,ifeval_ood,prompt_level_loose_acc,0.37666666666666665,300,903.38,473.8141592920354,1162.957219251337
Baseline,600,livecodebench_codegeneration,pass_at_1,0.06372549019607843,612,193.09803921568627,76.2051282051282,201.05410122164048
Baseline,600,minerva_math_500,exact_match_flex,0.484,500,831.686,396.1570247933884,1240.2054263565892
Baseline,700,aime,pass_at_1,0.011458333333333326,30,951.83125,824.84375,965.9409722222222
Baseline,700,alpaca_eval,length_controlled_winrate,5.82645634280471,805,978.104347826087,,
Baseline,700,ifeval_mt_wildchat_unused_withRewrite,prompt_level_loose_acc,0.6798196166854565,1774,465.96392333709133,309.4676616915423,798.2429577464789
Baseline,700,ifeval_mt_ood_wildchat_unused_withRewrite,prompt_level_loose_acc,0.5219899062725306,1387,731.7620764239366,542.4378453038674,938.5052790346908
Baseline,700,ifeval_ood,prompt_level_loose_acc,0.39666666666666667,300,887.2866666666666,469.6890756302521,1161.8397790055249
Baseline,700,livecodebench_codegeneration,pass_at_1,0.05555555555555555,612,179.23366013071896,74.44117647058823,185.39792387543253
Baseline,700,minerva_math_500,exact_match_flex,0.426,500,711.284,351.84037558685446,978.0487804878048
Baseline,800,aime,pass_at_1,0.02812499999999999,30,1770.5854166666666,1259.6375,1872.775
Baseline,800,alpaca_eval,length_controlled_winrate,5.759527482781114,805,1037.551552795031,,
Baseline,800,ifeval_mt_wildchat_unused_withRewrite,prompt_level_loose_acc,0.7164599774520857,1774,549.6465614430665,346.9000786782061,1061.9542743538768
Baseline,800,ifeval_mt_ood_wildchat_unused_withRewrite,prompt_level_loose_acc,0.5270367700072098,1387,830.8017303532805,526.0410396716826,1170.405487804878
Baseline,800,ifeval_ood,prompt_level_loose_acc,0.39666666666666667,300,1021.9366666666666,627.4789915966387,1281.2762430939226
Baseline,800,livecodebench_codegeneration,pass_at_1,0.06045751633986928,612,177.5,70.62162162162163,184.37739130434784
Baseline,800,minerva_math_500,exact_match_flex,0.468,500,1010.976,413.36752136752136,1536.6917293233082
Baseline,900,aime,pass_at_1,0.008333333333333333,30,1967.2854166666666,1575.09375,2010.8622685185185
Baseline,900,alpaca_eval,length_controlled_winrate,6.265893789926806,805,1002.8173913043478,,
Baseline,900,ifeval_mt_wildchat_unused_withRewrite,prompt_level_loose_acc,0.7068771138669673,1774,492.793122886133,303.27352472089314,949.8269230769231
Baseline,900,ifeval_mt_ood_wildchat_unused_withRewrite,prompt_level_loose_acc,0.5407354001441961,1387,790.720259552992,506.5493333333333,1125.3014128728414
Baseline,900,ifeval_ood,prompt_level_loose_acc,0.3933333333333333,300,906.8166666666667,847.0338983050848,945.5769230769231
Baseline,900,livecodebench_codegeneration,pass_at_1,0.07679738562091504,612,183.72875816993465,76.34042553191489,192.66194690265488
Baseline,900,minerva_math_500,exact_match_flex,0.506,500,1008.322,439.24110671936756,1591.2267206477734
Baseline,1000,aime,pass_at_1,0.012499999999999992,30,1840.403125,1600.2625,1888.43125
Baseline,1000,alpaca_eval,length_controlled_winrate,6.558742475001905,805,1067.0285714285715,,
Baseline,1000,ifeval_mt_wildchat_unused_withRewrite,prompt_level_loose_acc,0.7333709131905298,1774,423.8105975197294,279.2997694081476,821.291754756871
Baseline,1000,ifeval_mt_ood_wildchat_unused_withRewrite,prompt_level_loose_acc,0.5565969718817592,1387,768.2754145638067,396.4896373056995,1234.9723577235773
Baseline,1000,ifeval_ood,prompt_level_loose_acc,0.43666666666666665,300,717.4566666666667,470.0534351145038,909.2307692307693
Baseline,1000,livecodebench_codegeneration,pass_at_1,0.07679738562091504,612,174.2156862745098,73.48936170212765,182.59469026548672
Baseline,1000,minerva_math_500,exact_match_flex,0.542,500,1157.528,429.58671586715866,2018.9781659388645
Linear α=1.0,100,aime,pass_at_1,0.0,30,122.44791666666667,,122.44791666666667
Linear α=1.0,100,alpaca_eval,length_controlled_winrate,0.938402568083602,805,540.1863354037267,,
Linear α=1.0,100,ifeval_mt_wildchat_unused_withRewrite,prompt_level_loose_acc,0.3246899661781285,1774,428.58624577226607,345.62847222222223,468.4724540901502
Linear α=1.0,100,ifeval_mt_ood_wildchat_unused_withRewrite,prompt_level_loose_acc,0.2898341744772891,1387,528.6553713049748,491.7960199004975,543.6984771573605
Linear α=1.0,100,ifeval_ood,prompt_level_loose_acc,0.3566666666666667,300,206.67333333333335,263.57943925233644,175.12435233160622
Linear α=1.0,100,livecodebench_codegeneration,pass_at_1,0.0,612,151.23202614379085,,151.23202614379085
Linear α=1.0,100,minerva_math_500,exact_match_flex,0.034,500,145.854,263.3529411764706,141.7184265010352
Linear α=1.0,200,aime,pass_at_1,0.0,30,13.142708333333333,,13.142708333333333
Linear α=1.0,200,alpaca_eval,length_controlled_winrate,1.9751693291218064,805,271.92049689440995,,
Linear α=1.0,200,ifeval_mt_wildchat_unused_withRewrite,prompt_level_loose_acc,0.37485907553551295,1774,246.30383314543406,246.56541353383457,246.14697926059512
Linear α=1.0,200,ifeval_mt_ood_wildchat_unused_withRewrite,prompt_level_loose_acc,0.3561643835616438,1387,255.64023071377073,185.17206477732793,294.6226203807391
Linear α=1.0,200,ifeval_ood,prompt_level_loose_acc,0.3466666666666667,300,38.17666666666667,98.20192307692308,6.326530612244898
Linear α=1.0,200,livecodebench_codegeneration,pass_at_1,0.0,612,2.423202614379085,,2.423202614379085
Linear α=1.0,200,minerva_math_500,exact_match_flex,0.096,500,18.522,30.375,17.263274336283185
Linear α=1.0,300,aime,pass_at_1,0.004166666666666663,30,7.8625,7.875,7.862068965517241
Linear α=1.0,300,alpaca_eval,length_controlled_winrate,4.479612771317686,805,309.82608695652175,,
Linear α=1.0,300,ifeval_mt_wildchat_unused_withRewrite,prompt_level_loose_acc,0.43573844419391206,1774,219.00281848928975,174.3221216041397,253.5064935064935
Linear α=1.0,300,ifeval_mt_ood_wildchat_unused_withRewrite,prompt_level_loose_acc,0.40447007930785867,1387,217.24513338139872,163.36007130124779,253.84261501210653
Linear α=1.0,300,ifeval_ood,prompt_level_loose_acc,0.37666666666666665,300,54.06333333333333,64.6283185840708,47.67914438502674
Linear α=1.0,300,livecodebench_codegeneration,pass_at_1,0.0032679738562091504,612,6.73202614379085,73.0,6.5147540983606556
Linear α=1.0,300,minerva_math_500,exact_match_flex,0.214,500,18.45,16.373831775700936,19.015267175572518
Linear α=1.0,400,aime,pass_at_1,0.004166666666666663,30,7.76875,8.0,7.760775862068965
Linear α=1.0,400,alpaca_eval,length_controlled_winrate,4.029070810603545,805,308.1801242236025,,
Linear α=1.0,400,ifeval_mt_wildchat_unused_withRewrite,prompt_level_loose_acc,0.4509582863585118,1774,156.97576099210823,111.4,194.40965092402465
Linear α=1.0,400,ifeval_mt_ood_wildchat_unused_withRewrite,prompt_level_loose_acc,0.43619322278298484,1387,209.87959625090122,150.76694214876034,255.61253196930946
Linear α=1.0,400,ifeval_ood,prompt_level_loose_acc,0.37,300,37.41,41.486486486486484,35.01587301587302
Linear α=1.0,400,livecodebench_codegeneration,pass_at_1,0.03104575163398693,612,30.424836601307188,62.578947368421055,29.39460370994941
Linear α=1.0,400,minerva_math_500,exact_match_flex,0.226,500,9.394,8.274336283185841,9.720930232558139
Linear α=1.0,500,aime,pass_at_1,0.0020833333333333333,30,7.653125,8.0,7.641163793103448
Linear α=1.0,500,alpaca_eval,length_controlled_winrate,5.4494310844732015,805,320.1565217391304,,
Linear α=1.0,500,ifeval_mt_wildchat_unused_withRewrite,prompt_level_loose_acc,0.5011273957158963,1774,125.82581736189402,83.29133858267717,168.55254237288136
Linear α=1.0,500,ifeval_mt_ood_wildchat_unused_withRewrite,prompt_level_loose_acc,0.44700793078586876,1387,199.1009372746936,132.1241935483871,253.2411994784876
Linear α=1.0,500,ifeval_ood,prompt_level_loose_acc,0.38,300,30.256666666666668,62.8859649122807,10.258064516129032
Linear α=1.0,500,livecodebench_codegeneration,pass_at_1,0.016339869281045753,612,32.80392156862745,64.2,32.28239202657807
Linear α=1.0,500,minerva_math_500,exact_match_flex,0.238,500,8.468,8.218487394957982,8.545931758530184
Linear α=1.0,600,aime,pass_at_1,0.008333333333333333,30,8.019791666666666,8.0,8.02199074074074
Linear α=1.0,600,alpaca_eval,length_controlled_winrate,6.684740355785154,805,289.3105590062112,,
Linear α=1.0,600,ifeval_mt_wildchat_unused_withRewrite,prompt_level_loose_acc,0.4983089064261556,1774,160.35174746335963,107.31221719457014,213.03370786516854
Linear α=1.0,600,ifeval_mt_ood_wildchat_unused_withRewrite,prompt_level_loose_acc,0.44917087238644554,1387,195.48377793799568,114.15890850722312,261.7997382198953
Linear α=1.0,600,ifeval_ood,prompt_level_loose_acc,0.4,300,52.12,40.05833333333333,60.16111111111111
Linear α=1.0,600,livecodebench_codegeneration,pass_at_1,0.03431372549019608,612,47.099673202614376,64.33333333333333,46.48730964467005
Linear α=1.0,600,minerva_math_500,exact_match_flex,0.228,500,8.51,7.921052631578948,8.683937823834198
Linear α=1.0,700,aime,pass_at_1,0.006249999999999996,30,7.639583333333333,8.0,7.599537037037037
Linear α=1.0,700,alpaca_eval,length_controlled_winrate,4.993696253928663,805,335.167701863354,,
Linear α=1.0,700,ifeval_mt_wildchat_unused_withRewrite,prompt_level_loose_acc,0.5062006764374295,1774,127.03607666290868,63.35746102449889,192.31392694063928
Linear α=1.0,700,ifeval_mt_ood_wildchat_unused_withRewrite,prompt_level_loose_acc,0.4693583273251622,1387,150.82191780821918,94.5652841781874,200.58152173913044
Linear α=1.0,700,ifeval_ood,prompt_level_loose_acc,0.4,300,35.38,40.86666666666667,31.72222222222222
Linear α=1.0,700,livecodebench_codegeneration,pass_at_1,0.03758169934640523,612,49.630718954248366,61.21739130434783,49.178268251273344
Linear α=1.0,700,minerva_math_500,exact_match_flex,0.242,500,8.28,7.8429752066115705,8.419525065963061
Linear α=1.0,800,aime,pass_at_1,0.00833333333333333,30,7.692708333333333,8.0,7.670758928571429
Linear α=1.0,800,alpaca_eval,length_controlled_winrate,5.460561620197486,805,308.60496894409937,,
Linear α=1.0,800,ifeval_mt_wildchat_unused_withRewrite,prompt_level_loose_acc,0.5670800450958287,1774,66.4391206313416,46.19184890656064,92.9609375
Linear α=1.0,800,ifeval_mt_ood_wildchat_unused_withRewrite,prompt_level_loose_acc,0.4844989185291997,1387,146.8846431146359,98.3735119047619,192.4783216783217
Linear α=1.0,800,ifeval_ood,prompt_level_loose_acc,0.4066666666666667,300,50.056666666666665,38.18032786885246,58.19662921348315
Linear α=1.0,800,livecodebench_codegeneration,pass_at_1,0.032679738562091505,612,43.076797385620914,58.3,42.5625
Linear α=1.0,800,minerva_math_500,exact_match_flex,0.236,500,8.172,7.822033898305085,8.280104712041885
Linear α=1.0,900,aime,pass_at_1,0.003125,30,7.61875,7.96875,7.606681034482759
Linear α=1.0,900,alpaca_eval,length_controlled_winrate,4.037200489043727,805,301.0024844720497,,
Linear α=1.0,900,ifeval_mt_wildchat_unused_withRewrite,prompt_level_loose_acc,0.5800450958286358,1774,71.0315670800451,33.156462585034014,123.34496644295302
Linear α=1.0,900,ifeval_mt_ood_wildchat_unused_withRewrite,prompt_level_loose_acc,0.48738284066330206,1387,113.8507570295602,93.75,132.9620253164557
Linear α=1.0,900,ifeval_ood,prompt_level_loose_acc,0.38666666666666666,300,26.136666666666667,14.10344827586207,33.72282608695652
Linear α=1.0,900,livecodebench_codegeneration,pass_at_1,0.03594771241830065,612,41.27777777777778,64.9090909090909,40.396610169491524
Linear α=1.0,900,minerva_math_500,exact_match_flex,0.224,500,8.198,7.848214285714286,8.29896907216495
Linear α=1.0,1000,aime,pass_at_1,0.0,30,7.56875,,7.56875
Linear α=1.0,1000,alpaca_eval,length_controlled_winrate,6.471327330647886,805,311.99006211180125,,
Linear α=1.0,1000,ifeval_mt_wildchat_unused_withRewrite,prompt_level_loose_acc,0.62119503945885,1774,45.07835400225479,28.381125226860256,72.45982142857143
Linear α=1.0,1000,ifeval_mt_ood_wildchat_unused_withRewrite,prompt_level_loose_acc,0.5486661860129777,1387,110.8731074260995,84.68988173455979,142.70287539936103
Linear α=1.0,1000,ifeval_ood,prompt_level_loose_acc,0.39666666666666667,300,76.52666666666667,42.11764705882353,99.14917127071823
Linear α=1.0,1000,livecodebench_codegeneration,pass_at_1,0.05718954248366013,612,98.88888888888889,64.88571428571429,100.95147313691508
Linear α=1.0,1000,minerva_math_500,exact_match_flex,0.248,500,8.124,7.903225806451613,8.196808510638299
Linear α=0.25,100,aime,pass_at_1,0.0,30,858.9385416666667,,858.9385416666667
Linear α=0.25,100,alpaca_eval,length_controlled_winrate,0.5788388929039503,805,1462.2173913043478,,
Linear α=0.25,100,ifeval_mt_wildchat_unused_withRewrite,prompt_level_loose_acc,0.3370913190529876,1774,765.4391206313416,651.1889632107024,823.5357142857143
Linear α=0.25,100,ifeval_mt_ood_wildchat_unused_withRewrite,prompt_level_loose_acc,0.273972602739726,1387,877.860129776496,823.1552631578948,898.5034756703078
Linear α=0.25,100,ifeval_ood,prompt_level_loose_acc,0.27666666666666667,300,823.37,585.4819277108434,914.3594470046083
Linear α=0.25,100,livecodebench_codegeneration,pass_at_1,0.00980392156862745,612,367.578431372549,260.8333333333333,368.6353135313531
Linear α=0.25,100,minerva_math_500,exact_match_flex,0.094,500,679.588,358.2340425531915,712.9293598233995
Linear α=0.25,200,aime,pass_at_1,0.004166666666666667,30,515.3614583333333,440.53125,520.7064732142857
Linear α=0.25,200,alpaca_eval,length_controlled_winrate,0.8098587887773515,805,488.4347826086956,,
Linear α=0.25,200,ifeval_mt_wildchat_unused_withRewrite,prompt_level_loose_acc,0.34949267192784667,1774,381.80101465614433,333.1225806451613,407.9540727902946
Linear α=0.25,200,ifeval_mt_ood_wildchat_unused_withRewrite,prompt_level_loose_acc,0.2912761355443403,1387,413.9185291997116,357.4282178217822,437.1353001017294
Linear α=0.25,200,ifeval_ood,prompt_level_loose_acc,0.31333333333333335,300,81.10666666666667,124.6063829787234,61.25728155339806
Linear α=0.25,200,livecodebench_codegeneration,pass_at_1,0.0,612,46.69934640522876,,46.69934640522876
Linear α=0.25,200,minerva_math_500,exact_match_flex,0.248,500,389.424,282.758064516129,424.6010638297872
Linear α=0.25,300,aime,pass_at_1,0.0020833333333333333,30,100.56145833333333,8.1875,103.74676724137932
Linear α=0.25,300,alpaca_eval,length_controlled_winrate,1.1170330672585693,805,467.29689440993786,,
Linear α=0.25,300,ifeval_mt_wildchat_unused_withRewrite,prompt_level_loose_acc,0.34780157835400227,1774,285.0682074408117,219.69854132901133,319.92826274848744
Linear α=0.25,300,ifeval_mt_ood_wildchat_unused_withRewrite,prompt_level_loose_acc,0.33886085075702954,1387,322.1715933669791,245.34468085106383,361.5485278080698
Linear α=0.25,300,ifeval_ood,prompt_level_loose_acc,0.37666666666666665,300,201.91333333333333,103.38053097345133,261.45454545454544
Linear α=0.25,300,livecodebench_codegeneration,pass_at_1,0.0016339869281045752,612,229.31209150326796,54.0,229.59901800327333
Linear α=0.25,300,minerva_math_500,exact_match_flex,0.172,500,140.9,115.32558139534883,146.21256038647343
Linear α=0.25,400,aime,pass_at_1,0.0010416666666666667,30,123.5125,22.34375,127.00107758620689
Linear α=0.25,400,alpaca_eval,length_controlled_winrate,2.343519583804728,805,751.983850931677,,
Linear α=0.25,400,ifeval_mt_wildchat_unused_withRewrite,prompt_level_loose_acc,0.3878241262683202,1774,264.0197294250282,246.15697674418604,275.33609576427256
Linear α=0.25,400,ifeval_mt_ood_wildchat_unused_withRewrite,prompt_level_loose_acc,0.36553713049747655,1387,314.44340302811827,201.76331360946745,379.3625
Linear α=0.25,400,ifeval_ood,prompt_level_loose_acc,0.36,300,888.87,592.9722222222222,1055.3125
Linear α=0.25,400,livecodebench_codegeneration,pass_at_1,0.026143790849673203,612,515.1094771241831,83.625,526.6929530201343
Linear α=0.25,400,minerva_math_500,exact_match_flex,0.272,500,212.54,144.1985294117647,238.07417582417582
Linear α=0.25,500,aime,pass_at_1,0.003125,30,461.90729166666665,332.140625,471.1763392857143
Linear α=0.25,500,alpaca_eval,length_controlled_winrate,2.96371769170787,805,623.2770186335404,,
Linear α=0.25,500,ifeval_mt_wildchat_unused_withRewrite,prompt_level_loose_acc,0.4137542277339346,1774,229.31228861330328,201.27384196185287,249.10096153846155
Linear α=0.25,500,ifeval_mt_ood_wildchat_unused_withRewrite,prompt_level_loose_acc,0.3734679163662581,1387,310.069935111752,204.45559845559845,373.0253164556962
Linear α=0.25,500,ifeval_ood,prompt_level_loose_acc,0.38666666666666666,300,241.45,137.07758620689654,307.25
Linear α=0.25,500,livecodebench_codegeneration,pass_at_1,0.0457516339869281,612,47.821895424836605,80.42857142857143,46.25856164383562
Linear α=0.25,500,minerva_math_500,exact_match_flex,0.414,500,371.764,285.1449275362319,432.9590443686007
Linear α=0.25,600,aime,pass_at_1,0.007291666666666667,30,619.8270833333333,391.36875,665.51875
Linear α=0.25,600,alpaca_eval,length_controlled_winrate,3.39008262459706,805,716.8,,
Linear α=0.25,600,ifeval_mt_wildchat_unused_withRewrite,prompt_level_loose_acc,0.45377677564825253,1774,225.18207440811724,201.10931677018633,245.18059855521156
Linear α=0.25,600,ifeval_mt_ood_wildchat_unused_withRewrite,prompt_level_loose_acc,0.40807498197548664,1387,308.8954578226388,211.67137809187278,375.92204628501827
Linear α=0.25,600,ifeval_ood,prompt_level_loose_acc,0.36666666666666664,300,1068.3966666666668,643.7363636363636,1314.2526315789473
Linear α=0.25,600,livecodebench_codegeneration,pass_at_1,0.04084967320261438,612,125.40522875816994,73.92,127.59795570698466
Linear α=0.25,600,minerva_math_500,exact_match_flex,0.52,500,532.866,312.30384615384617,771.8083333333333
Linear α=0.25,700,aime,pass_at_1,0.0020833333333333333,30,319.240625,302.75,320.4185267857143
Linear α=0.25,700,alpaca_eval,length_controlled_winrate,4.723703874433852,805,479.68198757763975,,
Linear α=0.25,700,ifeval_mt_wildchat_unused_withRewrite,prompt_level_loose_acc,0.48083427282976327,1774,142.09526493799325,98.55451348182883,182.4212812160695
Linear α=0.25,700,ifeval_mt_ood_wildchat_unused_withRewrite,prompt_level_loose_acc,0.42177361211247294,1387,252.8925739005047,147.53333333333333,329.7443890274314
Linear α=0.25,700,ifeval_ood,prompt_level_loose_acc,0.38666666666666666,300,591.22,319.7413793103448,762.3695652173913
Linear α=0.25,700,livecodebench_codegeneration,pass_at_1,0.027777777777777776,612,104.25490196078431,66.17647058823529,105.34285714285714
Linear α=0.25,700,minerva_math_500,exact_match_flex,0.38,500,280.182,217.22105263157894,318.77096774193546
Linear α=0.25,800,aime,pass_at_1,0.0,30,7.888541666666667,,7.888541666666667
Linear α=0.25,800,alpaca_eval,length_controlled_winrate,3.3808483484551553,805,556.9068322981367,,
Linear α=0.25,800,ifeval_mt_wildchat_unused_withRewrite,prompt_level_loose_acc,0.471815107102593,1774,154.315107102593,118.70967741935483,186.1205976520811
Linear α=0.25,800,ifeval_mt_ood_wildchat_unused_withRewrite,prompt_level_loose_acc,0.4138428262436914,1387,261.28046142754147,190.698606271777,311.1131611316113
Linear α=0.25,800,ifeval_ood,prompt_level_loose_acc,0.37,300,679.7633333333333,382.8198198198198,854.1587301587301
Linear α=0.25,800,livecodebench_codegeneration,pass_at_1,0.006535947712418301,612,287.40686274509807,92.5,288.6891447368421
Linear α=0.25,800,minerva_math_500,exact_match_flex,0.234,500,12.15,13.282051282051283,11.804177545691905
Linear α=0.25,900,aime,pass_at_1,0.0,30,7.759375,,7.759375
Linear α=0.25,900,alpaca_eval,length_controlled_winrate,4.784249003035342,805,416.6521739130435,,
Linear α=0.25,900,ifeval_mt_wildchat_unused_withRewrite,prompt_level_loose_acc,0.4746335963923337,1774,203.4391206313416,119.57363420427554,279.20600858369096
Linear α=0.25,900,ifeval_mt_ood_wildchat_unused_withRewrite,prompt_level_loose_acc,0.39437635183850034,1387,252.8896899783706,201.74954296160877,286.19166666666666
Linear α=0.25,900,ifeval_ood,prompt_level_loose_acc,0.4066666666666667,300,266.7733333333333,99.43442622950819,381.46629213483146
Linear α=0.25,900,livecodebench_codegeneration,pass_at_1,0.04411764705882353,612,39.509803921568626,78.74074074074075,37.6991452991453
Linear α=0.25,900,minerva_math_500,exact_match_flex,0.23,500,9.856,9.486956521739131,9.966233766233767
Linear α=0.25,1000,aime,pass_at_1,0.0,30,7.932291666666667,,7.932291666666667
Linear α=0.25,1000,alpaca_eval,length_controlled_winrate,4.4311851978685874,805,430.311801242236,,
Linear α=0.25,1000,ifeval_mt_wildchat_unused_withRewrite,prompt_level_loose_acc,0.5135287485907554,1774,150.04114994363022,98.05049396267837,204.92352259559675
Linear α=0.25,1000,ifeval_mt_ood_wildchat_unused_withRewrite,prompt_level_loose_acc,0.4304253785147801,1387,277.8594087959625,217.01507537688443,323.83924050632913
Linear α=0.25,1000,ifeval_ood,prompt_level_loose_acc,0.4066666666666667,300,380.49,133.41803278688525,549.8314606741573
Linear α=0.25,1000,livecodebench_codegeneration,pass_at_1,0.0457516339869281,612,57.50326797385621,76.89285714285714,56.5736301369863
Linear α=0.25,1000,minerva_math_500,exact_match_flex,0.238,500,9.776,9.361344537815127,9.905511811023622
Exp λ=1.0,100,aime,pass_at_1,0.004166666666666667,30,1167.30625,1168.4583333333333,1167.1782407407406
Exp λ=1.0,100,alpaca_eval,length_controlled_winrate,0.7409335436816438,805,978.7540372670808,,
Exp λ=1.0,100,ifeval_mt_wildchat_unused_withRewrite,prompt_level_loose_acc,0.34047350620067646,1774,513.8404735062006,463.35099337748346,539.9051282051282
Exp λ=1.0,100,ifeval_mt_ood_wildchat_unused_withRewrite,prompt_level_loose_acc,0.28406633020908434,1387,586.5493871665465,573.8045685279188,591.6062437059416
Exp λ=1.0,100,ifeval_ood,prompt_level_loose_acc,0.25333333333333335,300,491.55333333333334,526.7236842105264,479.6205357142857
Exp λ=1.0,100,livecodebench_codegeneration,pass_at_1,0.008169934640522876,612,248.62581699346404,151.4,249.42668863261943
Exp λ=1.0,100,minerva_math_500,exact_match_flex,0.252,500,622.074,294.55555555555554,732.4144385026738
Exp λ=1.0,200,aime,pass_at_1,0.004166666666666667,30,835.2583333333333,816.8854166666666,837.2997685185185
Exp λ=1.0,200,alpaca_eval,length_controlled_winrate,1.1641248091088148,805,1166.616149068323,,
Exp λ=1.0,200,ifeval_mt_wildchat_unused_withRewrite,prompt_level_loose_acc,0.3551296505073281,1774,360.38556933483653,328.06190476190477,378.1861888111888
Exp λ=1.0,200,ifeval_mt_ood_wildchat_unused_withRewrite,prompt_level_loose_acc,0.32660418168709443,1387,440.1629416005768,303.0905077262693,506.64453961456104
Exp λ=1.0,200,ifeval_ood,prompt_level_loose_acc,0.4,300,792.4066666666666,518.1083333333333,975.2722222222222
Exp λ=1.0,200,livecodebench_codegeneration,pass_at_1,0.0,612,2800.233660130719,,2800.233660130719
Exp λ=1.0,200,minerva_math_500,exact_match_flex,0.336,500,904.06,309.8333333333333,1204.7530120481927
Exp λ=1.0,300,aime,pass_at_1,0.003125,30,656.9,410.9375,674.46875
Exp λ=1.0,300,alpaca_eval,length_controlled_winrate,0.8284237807728955,805,764.0285714285715,,
Exp λ=1.0,300,ifeval_mt_wildchat_unused_withRewrite,prompt_level_loose_acc,0.34949267192784667,1774,201.6251409244645,163.08225806451614,222.33275563258232
Exp λ=1.0,300,ifeval_mt_ood_wildchat_unused_withRewrite,prompt_level_loose_acc,0.3756308579668349,1387,238.41023792357606,157.2341650671785,287.2471131639723
Exp λ=1.0,300,ifeval_ood,prompt_level_loose_acc,0.38333333333333336,300,300.39666666666665,177.03478260869565,377.0810810810811
Exp λ=1.0,300,livecodebench_codegeneration,pass_at_1,0.0,612,414.5032679738562,,414.5032679738562
Exp λ=1.0,300,minerva_math_500,exact_match_flex,0.116,500,593.706,278.98275862068965,635.0045248868778
Exp λ=1.0,400,aime,pass_at_1,0.01041666666666666,30,468.02916666666664,575.4166666666666,456.09722222222223
Exp λ=1.0,400,alpaca_eval,length_controlled_winrate,0.3986340969257209,805,941.1354037267081,,
Exp λ=1.0,400,ifeval_mt_wildchat_unused_withRewrite,prompt_level_loose_acc,0.37993235625704624,1774,218.52536640360768,205.52818991097922,226.48909090909092
Exp λ=1.0,400,ifeval_mt_ood_wildchat_unused_withRewrite,prompt_level_loose_acc,0.4030281182408075,1387,184.11896178803173,113.15026833631485,232.03140096618358
Exp λ=1.0,400,ifeval_ood,prompt_level_loose_acc,0.36333333333333334,300,286.20666666666665,140.86238532110093,369.151832460733
Exp λ=1.0,400,livecodebench_codegeneration,pass_at_1,0.0,612,150.09313725490196,,150.09313725490196
Exp λ=1.0,400,minerva_math_500,exact_match_flex,0.168,500,339.534,259.9761904761905,355.5985576923077
Exp λ=1.0,500,aime,pass_at_1,0.0010416666666666667,30,448.7625,239.21875,455.9881465517241
Exp λ=1.0,500,alpaca_eval,length_controlled_winrate,0.39366390642287286,805,1515.0732919254658,,
Exp λ=1.0,500,ifeval_mt_wildchat_unused_withRewrite,prompt_level_loose_acc,0.342728297632469,1774,155.2914317925592,117.78289473684211,174.8499142367067
Exp λ=1.0,500,ifeval_mt_ood_wildchat_unused_withRewrite,prompt_level_loose_acc,0.43475126171593365,1387,178.89545782263878,123.99170812603649,221.1237244897959
Exp λ=1.0,500,ifeval_ood,prompt_level_loose_acc,0.36666666666666664,300,622.0333333333333,447.76363636363635,722.9263157894737
Exp λ=1.0,500,livecodebench_codegeneration,pass_at_1,0.0,612,441.2908496732026,,441.2908496732026
Exp λ=1.0,500,minerva_math_500,exact_match_flex,0.074,500,649.55,240.0810810810811,682.2721382289417
Exp λ=1.0,600,aime,pass_at_1,0.004166666666666667,30,281.96875,337.171875,278.02566964285717
Exp λ=1.0,600,alpaca_eval,length_controlled_winrate,1.3245520932471784,805,412.3031055900621,,
Exp λ=1.0,600,ifeval_mt_wildchat_unused_withRewrite,prompt_level_loose_acc,0.3737316798196167,1774,154.05129650507328,108.67420814479638,181.13051305130514
Exp λ=1.0,600,ifeval_mt_ood_wildchat_unused_withRewrite,prompt_level_loose_acc,0.43619322278298484,1387,119.60490266762797,85.37355371900827,146.08823529411765
Exp λ=1.0,600,ifeval_ood,prompt_level_loose_acc,0.39,300,70.67666666666666,12.94017094017094,107.59016393442623
Exp λ=1.0,600,livecodebench_codegeneration,pass_at_1,0.0,612,2.011437908496732,,2.011437908496732
Exp λ=1.0,600,minerva_math_500,exact_match_flex,0.43,500,256.676,182.52093023255813,312.6175438596491
Exp λ=1.0,700,aime,pass_at_1,0.015625,30,24.04375,117.8125,17.345982142857142
Exp λ=1.0,700,alpaca_eval,length_controlled_winrate,0.8139746879336272,805,223.8111801242236,,
Exp λ=1.0,700,ifeval_mt_wildchat_unused_withRewrite,prompt_level_loose_acc,0.36583990980834274,1774,124.97125140924464,57.13251155624037,164.10666666666665
Exp λ=1.0,700,ifeval_mt_ood_wildchat_unused_withRewrite,prompt_level_loose_acc,0.40663302090843545,1387,117.72458543619322,106.01241134751773,125.7509113001215
Exp λ=1.0,700,ifeval_ood,prompt_level_loose_acc,0.37666666666666665,300,64.82333333333334,6.371681415929204,100.14438502673796
Exp λ=1.0,700,livecodebench_codegeneration,pass_at_1,0.0,612,2.0049019607843137,,2.0049019607843137
Exp λ=1.0,700,minerva_math_500,exact_match_flex,0.27,500,84.248,60.91851851851852,92.87671232876713
Exp λ=1.0,800,aime,pass_at_1,0.003125,30,261.9604166666667,588.546875,238.6328125
Exp λ=1.0,800,alpaca_eval,length_controlled_winrate,0.47585808615684555,805,522.855900621118,,
Exp λ=1.0,800,ifeval_mt_wildchat_unused_withRewrite,prompt_level_loose_acc,0.3906426155580609,1774,134.84047350620068,102.27561327561328,155.71692876965773
Exp λ=1.0,800,ifeval_mt_ood_wildchat_unused_withRewrite,prompt_level_loose_acc,0.4268204758471521,1387,128.74188896899784,85.01351351351352,161.30440251572327
Exp λ=1.0,800,ifeval_ood,prompt_level_loose_acc,0.36666666666666664,300,37.376666666666665,8.345454545454546,54.18421052631579
Exp λ=1.0,800,livecodebench_codegeneration,pass_at_1,0.0,612,2.0,,2.0
Exp λ=1.0,800,minerva_math_500,exact_match_flex,0.362,500,247.924,202.78453038674033,273.5360501567398
Exp λ=1.0,900,aime,pass_at_1,0.0,30,20.583333333333332,,20.583333333333332
Exp λ=1.0,900,alpaca_eval,length_controlled_winrate,1.7036585775669664,805,240.37888198757764,,
Exp λ=1.0,900,ifeval_mt_wildchat_unused_withRewrite,prompt_level_loose_acc,0.4633596392333709,1774,101.96561443066517,72.93917274939173,127.02836134453781
Exp λ=1.0,900,ifeval_mt_ood_wildchat_unused_withRewrite,prompt_level_loose_acc,0.43403028118240805,1387,108.76207642393655,82.79401993355482,128.6764331210191
Exp λ=1.0,900,ifeval_ood,prompt_level_loose_acc,0.37,300,52.233333333333334,13.0990990990991,75.21693121693121
Exp λ=1.0,900,livecodebench_codegeneration,pass_at_1,0.0,612,2.0,,2.0
Exp λ=1.0,900,minerva_math_500,exact_match_flex,0.3,500,62.254,91.50666666666666,49.71714285714286
Exp λ=1.0,1000,aime,pass_at_1,0.0020833333333333333,30,14.247916666666667,10.5625,14.375
Exp λ=1.0,1000,alpaca_eval,length_controlled_winrate,2.3986181323414963,805,242.94534161490682,,
Exp λ=1.0,1000,ifeval_mt_wildchat_unused_withRewrite,prompt_level_loose_acc,0.4695603156708005,1774,85.57158962795941,38.42256902761105,127.30924548352816
Exp λ=1.0,1000,ifeval_mt_ood_wildchat_unused_withRewrite,prompt_level_loose_acc,0.44989185291997114,1387,86.54506128334535,61.66025641025641,106.89646133682831
Exp λ=1.0,1000,ifeval_ood,prompt_level_loose_acc,0.3933333333333333,300,22.286666666666665,14.372881355932204,27.417582417582416
Exp λ=1.0,1000,minerva_math_500,exact_match_flex,0.32,500,73.882,95.5125,63.70294117647059
Exp λ=0.25,100,aime,pass_at_1,0.0020833333333333333,30,647.9958333333333,546.53125,651.4946120689655
Exp λ=0.25,100,alpaca_eval,length_controlled_winrate,0.8792493376548381,805,987.7627329192546,,
Exp λ=0.25,100,ifeval_mt_wildchat_unused_withRewrite,prompt_level_loose_acc,0.3297632468996618,1774,566.5586245772266,461.2940170940171,618.349873843566
Exp λ=0.25,100,ifeval_mt_ood_wildchat_unused_withRewrite,prompt_level_loose_acc,0.2754145638067772,1387,679.0043258832012,638.6649214659686,694.3373134328358
Exp λ=0.25,100,ifeval_ood,prompt_level_loose_acc,0.3,300,399.7966666666667,263.1777777777778,458.34761904761905
Exp λ=0.25,100,minerva_math_500,exact_match_flex,0.078,500,410.418,257.79487179487177,423.3297180043384
Exp λ=0.25,200,aime,pass_at_1,0.0020833333333333333,30,1048.1802083333334,986.5625,1050.3049568965516
Exp λ=0.25,200,alpaca_eval,length_controlled_winrate,1.3913614708710629,805,706.5378881987577,,
Exp λ=0.25,200,ifeval_mt_wildchat_unused_withRewrite,prompt_level_loose_acc,0.31905298759864714,1774,356.37655016910935,284.5565371024735,390.0273178807947
Exp λ=0.25,200,ifeval_mt_ood_wildchat_unused_withRewrite,prompt_level_loose_acc,0.31074260994953135,1387,414.55082912761355,377.32250580046406,431.3347280334728
Exp λ=0.25,200,ifeval_ood,prompt_level_loose_acc,0.3466666666666667,300,305.6666666666667,60.45192307692308,435.78061224489795
Exp λ=0.25,200,minerva_math_500,exact_match_flex,0.168,500,599.12,261.98809523809524,667.1947115384615
Exp λ=0.25,300,aime,pass_at_1,0.00625,30,613.5927083333333,871.0625,604.7144396551724
Exp λ=0.25,300,alpaca_eval,length_controlled_winrate,2.094018060381776,805,390.9055900621118,,
Exp λ=0.25,300,ifeval_mt_wildchat_unused_withRewrite,prompt_level_loose_acc,0.34441939120631343,1774,254.35738444193913,195.0327332242226,285.524505588994
Exp λ=0.25,300,ifeval_mt_ood_wildchat_unused_withRewrite,prompt_level_loose_acc,0.33741888968997835,1387,283.5746214852199,218.88247863247864,316.519042437432
Exp λ=0.25,300,ifeval_ood,prompt_level_loose_acc,0.36666666666666664,300,92.47666666666667,150.2,59.05789473684211
Exp λ=0.25,300,minerva_math_500,exact_match_flex,0.258,500,479.162,350.5503875968992,523.8814016172506
Exp λ=0.25,400,aime,pass_at_1,0.007291666666666663,30,756.7125,781.359375,754.9520089285714
Exp λ=0.25,400,alpaca_eval,length_controlled_winrate,3.30780230018353,805,289.80993788819876,,
Exp λ=0.25,400,ifeval_mt_wildchat_unused_withRewrite,prompt_level_loose_acc,0.36809470124013527,1774,256.9154453213078,267.7013782542113,250.63247100802855
Exp λ=0.25,400,ifeval_mt_ood_wildchat_unused_withRewrite,prompt_level_loose_acc,0.3431867339581831,1387,272.9214131218457,202.44327731092437,309.7464324917673
Exp λ=0.25,400,ifeval_ood,prompt_level_loose_acc,0.37666666666666665,300,55.486666666666665,11.11504424778761,82.29946524064171
Exp λ=0.25,400,minerva_math_500,exact_match_flex,0.35,500,479.562,307.48571428571427,572.2184615384615
Exp λ=0.25,500,aime,pass_at_1,0.00625,30,1010.9947916666666,1348.2291666666667,973.5243055555555
Exp λ=0.25,500,alpaca_eval,length_controlled_winrate,2.2943716889341332,805,325.44472049689443,,
Exp λ=0.25,500,ifeval_mt_wildchat_unused_withRewrite,prompt_level_loose_acc,0.37767756482525366,1774,227.73111612175873,201.36716417910446,243.73097826086956
Exp λ=0.25,500,ifeval_mt_ood_wildchat_unused_withRewrite,prompt_level_loose_acc,0.3727469358327325,1387,275.62148521989906,207.06382978723406,316.36206896551727
Exp λ=0.25,500,ifeval_ood,prompt_level_loose_acc,0.3933333333333333,300,133.30666666666667,130.66949152542372,135.0164835164835
Exp λ=0.25,500,minerva_math_500,exact_match_flex,0.376,500,543.692,355.2659574468085,657.2307692307693
Exp λ=0.25,600,aime,pass_at_1,0.004166666666666667,30,1022.6083333333333,1104.4791666666667,1013.511574074074
Exp λ=0.25,600,alpaca_eval,length_controlled_winrate,3.4534801246281597,805,401.055900621118,,
Exp λ=0.25,600,ifeval_mt_wildchat_unused_withRewrite,prompt_level_loose_acc,0.395152198421646,1774,234.03889515219842,215.48644793152638,246.15936626281453
Exp λ=0.25,600,ifeval_mt_ood_wildchat_unused_withRewrite,prompt_level_loose_acc,0.40447007930785867,1387,263.11751982696467,186.18360071301248,315.36924939467315
Exp λ=0.25,600,ifeval_ood,prompt_level_loose_acc,0.3466666666666667,300,114.48,151.98076923076923,94.58163265306122
Exp λ=0.25,600,minerva_math_500,exact_match_flex,0.494,500,607.254,334.61538461538464,873.4268774703557
Exp λ=0.25,700,aime,pass_at_1,0.007291666666666663,30,1235.4770833333334,1521.5833333333333,1203.6875
Exp λ=0.25,700,alpaca_eval,length_controlled_winrate,4.388925659239684,805,549.2670807453416,,
Exp λ=0.25,700,ifeval_mt_wildchat_unused_withRewrite,prompt_level_loose_acc,0.4250281848928974,1774,192.3957158962796,153.29442970822282,221.3
Exp λ=0.25,700,ifeval_mt_ood_wildchat_unused_withRewrite,prompt_level_loose_acc,0.3972602739726027,1387,281.2119682768565,190.29219600725952,341.1363636363636
Exp λ=0.25,700,ifeval_ood,prompt_level_loose_acc,0.3566666666666667,300,73.12,31.345794392523363,96.27979274611398
Exp λ=0.25,700,minerva_math_500,exact_match_flex,0.494,500,566.918,335.2955465587045,793.0474308300395
Exp λ=0.25,800,aime,pass_at_1,0.00625,30,1013.3072916666666,950.79375,1025.81
Exp λ=0.25,800,alpaca_eval,length_controlled_winrate,4.207998845517609,805,538.1155279503106,,
Exp λ=0.25,800,ifeval_mt_wildchat_unused_withRewrite,prompt_level_loose_acc,0.43404735062006766,1774,158.2423900789177,114.9948051948052,191.41035856573706
Exp λ=0.25,800,ifeval_mt_ood_wildchat_unused_withRewrite,prompt_level_loose_acc,0.3994232155731795,1387,256.8183129055515,195.85379061371842,297.3637454981993
Exp λ=0.25,800,ifeval_ood,prompt_level_loose_acc,0.38666666666666666,300,60.513333333333335,20.439655172413794,85.77717391304348
Exp λ=0.25,800,minerva_math_500,exact_match_flex,0.51,500,477.568,278.2980392156863,684.9714285714285
Exp λ=0.25,900,aime,pass_at_1,0.0020833333333333333,30,1080.26875,1130.0625,1078.551724137931
Exp λ=0.25,900,alpaca_eval,length_controlled_winrate,4.700769117766193,805,433.77267080745344,,
Exp λ=0.25,900,ifeval_mt_wildchat_unused_withRewrite,prompt_level_loose_acc,0.45152198421646,1774,145.8500563697858,130.31460674157304,158.63926002055499
Exp λ=0.25,900,ifeval_mt_ood_wildchat_unused_withRewrite,prompt_level_loose_acc,0.40519105984138426,1387,242.93222782984859,170.79537366548044,292.07272727272726
Exp λ=0.25,900,ifeval_ood,prompt_level_loose_acc,0.39,300,115.68333333333334,21.94871794871795,175.6120218579235
Exp λ=0.25,900,minerva_math_500,exact_match_flex,0.49,500,552.816,303.56326530612245,792.2941176470588
Exp λ=0.25,1000,aime,pass_at_1,0.007291666666666667,30,1056.9822916666667,1033.8645833333333,1059.5509259259259
Exp λ=0.25,1000,alpaca_eval,length_controlled_winrate,5.787702511438591,805,495.3975155279503,,
Exp λ=0.25,1000,ifeval_mt_wildchat_unused_withRewrite,prompt_level_loose_acc,0.4549041713641488,1774,164.91544532130777,112.06567534076828,209.02068252326785
Exp λ=0.25,1000,ifeval_mt_ood_wildchat_unused_withRewrite,prompt_level_loose_acc,0.4030281182408075,1387,283.15933669790917,173.3237924865832,357.31159420289856
Exp λ=0.25,1000,ifeval_ood,prompt_level_loose_acc,0.3933333333333333,300,89.96,22.93220338983051,133.41758241758242
Exp λ=0.25,1000,minerva_math_500,exact_match_flex,0.492,500,549.84,276.6869918699187,814.3897637795276
Rank,100,aime,pass_at_1,0.004166666666666667,30,883.996875,920.484375,881.390625
Rank,100,alpaca_eval,length_controlled_winrate,0.766040792451202,805,1088.5403726708075,,
Rank,100,ifeval_mt_wildchat_unused_withRewrite,prompt_level_loose_acc,0.3461104847801578,1774,548.9363021420519,438.4087947882736,607.4396551724138
Rank,100,ifeval_mt_ood_wildchat_unused_withRewrite,prompt_level_loose_acc,0.28046142754145637,1387,657.9689978370584,597.6838046272494,681.4669338677355
Rank,100,ifeval_ood,prompt_level_loose_acc,0.25666666666666665,300,554.1033333333334,698.012987012987,504.41255605381167
Rank,100,livecodebench_codegeneration,pass_at_1,0.024509803921568627,612,313.7549019607843,119.33333333333333,318.6398659966499
Rank,100,minerva_math_500,exact_match_flex,0.184,500,495.392,247.7608695652174,551.2303921568628
Rank,200,aime,pass_at_1,0.0010416666666666667,30,679.33125,8.09375,702.4773706896551
Rank,200,alpaca_eval,length_controlled_winrate,1.0424717009068076,805,1282.8670807453416,,
Rank,200,ifeval_mt_wildchat_unused_withRewrite,prompt_level_loose_acc,0.38218714768883877,1774,379.15727170236755,266.6106194690266,448.7801094890511
Rank,200,ifeval_mt_ood_wildchat_unused_withRewrite,prompt_level_loose_acc,0.3568853640951694,1387,427.56092285508294,342.3515151515152,474.8464125560538
Rank,200,ifeval_ood,prompt_level_loose_acc,0.38666666666666666,300,1472.6266666666668,894.9741379310345,1836.7989130434783
Rank,200,livecodebench_codegeneration,pass_at_1,0.016339869281045753,612,1749.2892156862745,64.0,1777.2840531561462
Rank,200,minerva_math_500,exact_match_flex,0.16,500,1302.63,61.1875,1539.095238095238
Rank,300,aime,pass_at_1,0.0010416666666666667,30,7.436458333333333,7.90625,7.420258620689655
Rank,300,alpaca_eval,length_controlled_winrate,2.7432956871548333,805,703.8173913043478,,
Rank,300,ifeval_mt_wildchat_unused_withRewrite,prompt_level_loose_acc,0.4120631341600902,1774,296.7249154453213,209.3967168262654,357.9300095877277
Rank,300,ifeval_mt_ood_wildchat_unused_withRewrite,prompt_level_loose_acc,0.3857245854361932,1387,341.96683489545785,199.90280373831774,431.1737089201878
Rank,300,ifeval_ood,prompt_level_loose_acc,0.3933333333333333,300,1074.8933333333334,713.1694915254237,1309.4175824175825
Rank,300,livecodebench_codegeneration,pass_at_1,0.017973856209150325,612,657.687908496732,62.54545454545455,668.5806988352746
Rank,300,minerva_math_500,exact_match_flex,0.232,500,27.782,8.387931034482758,33.640625
Rank,400,aime,pass_at_1,0.003125,30,7.444791666666666,8.140625,7.395089285714286
Rank,400,alpaca_eval,length_controlled_winrate,3.154849248471935,805,565.0248447204968,,
Rank,400,ifeval_mt_wildchat_unused_withRewrite,prompt_level_loose_acc,0.44250281848928974,1774,228.9695603156708,172.06624203821656,274.1354903943377
Rank,400,ifeval_mt_ood_wildchat_unused_withRewrite,prompt_level_loose_acc,0.4008651766402307,1387,284.013698630137,205.13309352517985,336.7906137184116
Rank,400,ifeval_ood,prompt_level_loose_acc,0.3933333333333333,300,915.81,463.79661016949154,1208.8736263736264
Rank,400,livecodebench_codegeneration,pass_at_1,0.03758169934640523,612,116.0375816993464,55.21739130434783,118.4125636672326
Rank,400,minerva_math_500,exact_match_flex,0.21,500,8.584,8.285714285714286,8.663291139240506
Rank,500,aime,pass_at_1,0.0010416666666666667,30,7.407291666666667,8.0,7.386853448275862
Rank,500,alpaca_eval,length_controlled_winrate,3.23595641678102,805,563.7354037267081,,
Rank,500,ifeval_mt_wildchat_unused_withRewrite,prompt_level_loose_acc,0.4819616685456595,1774,164.75140924464486,125.44093567251463,201.32426550598476
Rank,500,ifeval_mt_ood_wildchat_unused_withRewrite,prompt_level_loose_acc,0.40879596250901223,1387,273.0930064888248,159.7989417989418,351.4317073170732
Rank,500,ifeval_ood,prompt_level_loose_acc,0.39,300,463.5733333333333,214.46153846153845,622.8415300546449
Rank,500,livecodebench_codegeneration,pass_at_1,0.03758169934640523,612,85.75980392156863,50.21739130434783,87.14770797962649
Rank,500,minerva_math_500,exact_match_flex,0.222,500,8.576,8.216216216216216,8.67866323907455
Rank,600,aime,pass_at_1,0.004166666666666663,30,7.75,8.03125,7.740301724137931
Rank,600,alpaca_eval,length_controlled_winrate,4.28312775259071,805,387.69813664596273,,
Rank,600,ifeval_mt_wildchat_unused_withRewrite,prompt_level_loose_acc,0.5276211950394588,1774,133.7034949267193,75.96047008547009,198.19928400954655
Rank,600,ifeval_mt_ood_wildchat_unused_withRewrite,prompt_level_loose_acc,0.40735400144196104,1387,221.7317952415285,149.1699115044248,271.60705596107056
Rank,600,ifeval_ood,prompt_level_loose_acc,0.3933333333333333,300,182.54333333333332,104.61864406779661,233.06593406593407
Rank,600,livecodebench_codegeneration,pass_at_1,0.06372549019607843,612,80.66176470588235,51.58974358974359,82.64048865619546
Rank,600,minerva_math_500,exact_match_flex,0.242,500,9.396,11.041322314049587,8.870712401055409
Rank,700,aime,pass_at_1,0.011458333333333329,30,7.496875,8.0,7.479525862068965
Rank,700,alpaca_eval,length_controlled_winrate,4.015912125864805,805,370.6844720496894,,
Rank,700,ifeval_mt_wildchat_unused_withRewrite,prompt_level_loose_acc,0.5479143179255919,1774,106.22435174746336,67.79218106995884,152.80299251870323
Rank,700,ifeval_mt_ood_wildchat_unused_withRewrite,prompt_level_loose_acc,0.4253785147801009,1387,196.38572458543618,101.58813559322034,266.5621079046424
Rank,700,ifeval_ood,prompt_level_loose_acc,0.4066666666666667,300,96.95333333333333,59.950819672131146,122.31460674157303
Rank,700,livecodebench_codegeneration,pass_at_1,0.05392156862745098,612,69.4281045751634,51.878787878787875,70.42832469775475
Rank,700,minerva_math_500,exact_match_flex,0.238,500,8.636,8.109243697478991,8.800524934383201
Rank,800,aime,pass_at_1,0.004166666666666663,30,7.36875,8.15625,7.341594827586207
Rank,800,alpaca_eval,length_controlled_winrate,4.233181552430969,805,525.4521739130435,,
Rank,800,ifeval_mt_wildchat_unused_withRewrite,prompt_level_loose_acc,0.5682074408117249,1774,102.27621195039458,68.01289682539682,147.36422976501305
Rank,800,ifeval_mt_ood_wildchat_unused_withRewrite,prompt_level_loose_acc,0.4426820475847152,1387,200.9913482335977,119.5928338762215,265.646830530401
Rank,800,ifeval_ood,prompt_level_loose_acc,0.42333333333333334,300,196.91,210.91338582677164,186.63005780346822
Rank,800,livecodebench_codegeneration,pass_at_1,0.058823529411764705,612,88.31862745098039,54.361111111111114,90.44097222222223
Rank,800,minerva_math_500,exact_match_flex,0.268,500,8.386,8.261194029850746,8.431693989071038
Rank,900,aime,pass_at_1,0.0010416666666666667,30,7.303125,8.0,7.279094827586207
Rank,900,alpaca_eval,length_controlled_winrate,3.9793306968439293,805,419.79627329192544,,
Rank,900,ifeval_mt_wildchat_unused_withRewrite,prompt_level_loose_acc,0.5620067643742954,1774,89.88895152198421,64.11935807422267,122.95495495495496
Rank,900,ifeval_mt_ood_wildchat_unused_withRewrite,prompt_level_loose_acc,0.444844989185292,1387,150.88824801730354,103.06969205834685,189.2051948051948
Rank,900,ifeval_ood,prompt_level_loose_acc,0.4066666666666667,300,124.3,125.30327868852459,123.61235955056179
Rank,900,livecodebench_codegeneration,pass_at_1,0.06699346405228758,612,85.27287581699346,57.21951219512195,87.28721541155866
Rank,900,minerva_math_500,exact_match_flex,0.238,500,8.538,8.495798319327731,8.551181102362206
Rank,1000,aime,pass_at_1,0.0,30,7.261458333333334,,7.261458333333334
Rank,1000,alpaca_eval,length_controlled_winrate,3.770114461993395,805,373.90807453416147,,
Rank,1000,ifeval_mt_wildchat_unused_withRewrite,prompt_level_loose_acc,0.5862457722660653,1774,49.46730552423901,34.37307692307692,70.85422343324251
Rank,1000,ifeval_mt_ood_wildchat_unused_withRewrite,prompt_level_loose_acc,0.46359048305695744,1387,128.22638788752704,84.6687402799378,165.8709677419355
Rank,1000,ifeval_ood,prompt_level_loose_acc,0.4066666666666667,300,174.88333333333333,176.7295081967213,173.61797752808988
Rank,1000,livecodebench_codegeneration,pass_at_1,0.05228758169934641,612,60.33660130718954,60.34375,60.33620689655172
Rank,1000,minerva_math_500,exact_match_flex,0.268,500,8.36,8.134328358208956,8.442622950819672
Binary shortest,100,aime,pass_at_1,0.0020833333333333333,30,271.46875,905.4375,249.60775862068965
Binary shortest,100,alpaca_eval,length_controlled_winrate,0.4996254673189917,805,609.1863354037267,,
Binary shortest,100,ifeval_mt_wildchat_unused_withRewrite,prompt_level_loose_acc,0.32074408117249154,1774,462.3444193912063,417.3550087873462,483.5883817427386
Binary shortest,100,ifeval_mt_ood_wildchat_unused_withRewrite,prompt_level_loose_acc,0.28550829127613553,1387,474.9920692141312,458.010101010101,481.7780020181635
Binary shortest,100,ifeval_ood,prompt_level_loose_acc,0.31,300,149.52,69.59139784946237,185.42995169082127
Binary shortest,100,minerva_math_500,exact_match_flex,0.088,500,209.114,165.22727272727272,213.34868421052633
Binary shortest,200,aime,pass_at_1,0.0010416666666666667,30,78.56875,8.78125,80.97521551724138
Binary shortest,200,alpaca_eval,length_controlled_winrate,1.2121767156071133,805,402.4024844720497,,
Binary shortest,200,ifeval_mt_wildchat_unused_withRewrite,prompt_level_loose_acc,0.37711386696730553,1774,254.4706877113867,230.4828101644245,268.993665158371
Binary shortest,200,ifeval_mt_ood_wildchat_unused_withRewrite,prompt_level_loose_acc,0.36481614996395095,1387,328.3424657534247,215.5177865612648,393.14301929625424
Binary shortest,200,ifeval_ood,prompt_level_loose_acc,0.36333333333333334,300,126.27333333333333,91.0091743119266,146.3979057591623
Binary shortest,200,minerva_math_500,exact_match_flex,0.214,500,83.312,34.80373831775701,96.51908396946565
Binary shortest,300,aime,pass_at_1,0.0,30,49.697916666666664,,49.697916666666664
Binary shortest,300,alpaca_eval,length_controlled_winrate,0.17680859327923087,805,638.3503105590062,,
Binary shortest,300,ifeval_mt_wildchat_unused_withRewrite,prompt_level_loose_acc,0.34498308906426156,1774,146.74408117249155,173.6045751633987,132.59724612736662
Binary shortest,300,ifeval_mt_ood_wildchat_unused_withRewrite,prompt_level_loose_acc,0.437635183850036,1387,231.1665465032444,134.48764415156506,306.4025641025641
Binary shortest,300,ifeval_ood,prompt_level_loose_acc,0.3433333333333333,300,582.0033333333333,496.4854368932039,626.7157360406092
Binary shortest,300,minerva_math_500,exact_match_flex,0.094,500,17.756,25.95744680851064,16.90507726269316
Binary shortest,400,aime,pass_at_1,0.0,30,4.973958333333333,,4.973958333333333
Binary shortest,400,alpaca_eval,length_controlled_winrate,0.799029782290024,805,239.00745341614908,,
Binary shortest,400,ifeval_mt_wildchat_unused_withRewrite,prompt_level_loose_acc,0.37316798196166856,1774,159.032694475761,158.7311178247734,159.21223021582733
Binary shortest,400,ifeval_mt_ood_wildchat_unused_withRewrite,prompt_level_loose_acc,0.4167267483777938,1387,205.21557317952414,122.1038062283737,264.59579728059333
Binary shortest,400,ifeval_ood,prompt_level_loose_acc,0.36,300,229.53666666666666,219.15740740740742,235.375
Binary shortest,400,minerva_math_500,exact_match_flex,0.156,500,8.438,7.871794871794871,8.542654028436019
Binary shortest,500,aime,pass_at_1,0.0,30,7.452083333333333,,7.452083333333333
Binary shortest,500,alpaca_eval,length_controlled_winrate,0.9413816630344398,805,215.26583850931678,,
Binary shortest,500,ifeval_mt_wildchat_unused_withRewrite,prompt_level_loose_acc,0.4024802705749718,1774,94.41375422773393,71.51120448179272,109.84056603773585
Binary shortest,500,ifeval_mt_ood_wildchat_unused_withRewrite,prompt_level_loose_acc,0.43547224224945924,1387,173.03316510454218,98.5794701986755,230.4661558109834
Binary shortest,500,ifeval_ood,prompt_level_loose_acc,0.36666666666666664,300,200.26666666666668,213.27272727272728,192.73684210526315
Binary shortest,500,minerva_math_500,exact_match_flex,0.242,500,8.48,7.743801652892562,8.715039577836412
Binary shortest,600,aime,pass_at_1,0.004166666666666663,30,7.646875,8.0,7.634698275862069
Binary shortest,600,alpaca_eval,length_controlled_winrate,1.1975070600212019,805,183.71801242236026,,
Binary shortest,600,ifeval_mt_wildchat_unused_withRewrite,prompt_level_loose_acc,0.43291995490417134,1774,84.61048478015783,82.7265625,86.04870775347912
Binary shortest,600,ifeval_mt_ood_wildchat_unused_withRewrite,prompt_level_loose_acc,0.4441240086517664,1387,142.8644556596972,97.20616883116882,179.3437094682231
Binary shortest,600,ifeval_ood,prompt_level_loose_acc,0.36,300,153.40666666666667,171.28703703703704,143.34895833333334
Binary shortest,600,minerva_math_500,exact_match_flex,0.226,500,8.104,7.601769911504425,8.250645994832041
Binary shortest,700,aime,pass_at_1,0.003125,30,7.472916666666666,8.0,7.454741379310345
Binary shortest,700,alpaca_eval,length_controlled_winrate,2.876175806044748,805,292.9428571428571,,
Binary shortest,700,ifeval_mt_wildchat_unused_withRewrite,prompt_level_loose_acc,0.4503945885005637,1774,78.26832018038331,70.33166458072591,84.77230769230769
Binary shortest,700,ifeval_mt_ood_wildchat_unused_withRewrite,prompt_level_loose_acc,0.44917087238644554,1387,187.7130497476568,99.86035313001605,259.3520942408377
Binary shortest,700,ifeval_ood,prompt_level_loose_acc,0.37666666666666665,300,139.39333333333335,163.6283185840708,124.74866310160428
Binary shortest,700,minerva_math_500,exact_match_flex,0.25,500,8.022,7.496,8.197333333333333
Binary shortest,800,aime,pass_at_1,0.0010416666666666667,30,6.066666666666666,8.0,6.0
Binary shortest,800,alpaca_eval,length_controlled_winrate,4.268662351842141,805,191.59503105590062,,
Binary shortest,800,ifeval_mt_wildchat_unused_withRewrite,prompt_level_loose_acc,0.4633596392333709,1774,30.677001127395716,24.386861313868614,36.108193277310924
Binary shortest,800,ifeval_mt_ood_wildchat_unused_withRewrite,prompt_level_loose_acc,0.5003604902667628,1387,90.25955299206922,43.24351585014409,137.34343434343435
Binary shortest,800,ifeval_ood,prompt_level_loose_acc,0.38,300,96.50666666666666,85.57894736842105,103.20430107526882
Binary shortest,800,minerva_math_500,exact_match_flex,0.228,500,7.814,7.649122807017544,7.862694300518135
Binary shortest,900,aime,pass_at_1,0.0010416666666666667,30,6.716666666666667,8.0,6.672413793103448
Binary shortest,900,alpaca_eval,length_controlled_winrate,3.000047029014193,805,197.6968944099379,,
Binary shortest,900,ifeval_mt_wildchat_unused_withRewrite,prompt_level_loose_acc,0.4605411499436302,1774,36.88275084554679,38.06487148102815,35.87356321839081
Binary shortest,900,ifeval_mt_ood_wildchat_unused_withRewrite,prompt_level_loose_acc,0.5075702956020187,1387,94.02739726027397,43.10795454545455,146.51244509516837
Binary shortest,900,ifeval_ood,prompt_level_loose_acc,0.38333333333333336,300,122.90666666666667,124.26086956521739,122.06486486486486
Binary shortest,900,minerva_math_500,exact_match_flex,0.22,500,7.702,7.609090909090909,7.728205128205128
Binary shortest,1000,aime,pass_at_1,0.0020833333333333333,30,22.241666666666667,8.0,22.732758620689655
Binary shortest,1000,alpaca_eval,length_controlled_winrate,3.005372435852297,805,234.4695652173913,,
Binary shortest,1000,ifeval_mt_wildchat_unused_withRewrite,prompt_level_loose_acc,0.45434047350620066,1774,55.615558060879366,43.59057071960298,65.62809917355372
Binary shortest,1000,ifeval_mt_ood_wildchat_unused_withRewrite,prompt_level_loose_acc,0.4390771449170872,1387,158.30064888248017,45.532019704433495,246.573264781491
Binary shortest,1000,ifeval_ood,prompt_level_loose_acc,0.38333333333333336,300,179.84666666666666,205.09565217391304,164.15135135135134
Binary shortest,1000,minerva_math_500,exact_match_flex,0.242,500,7.91,7.338842975206612,8.092348284960423
Soft threshold,100,aime,pass_at_1,0.0010416666666666667,30,1299.28125,989.125,1309.9762931034484
Soft threshold,100,alpaca_eval,length_controlled_winrate,0.6759857659533617,805,1893.5018633540374,,
Soft threshold,100,ifeval_mt_wildchat_unused_withRewrite,prompt_level_loose_acc,0.34949267192784667,1774,740.8664036076663,585.6774193548387,824.2435008665511
Soft threshold,100,ifeval_mt_ood_wildchat_unused_withRewrite,prompt_level_loose_acc,0.28478731074260993,1387,839.6596971881759,732.6151898734178,882.2832661290323
Soft threshold,100,ifeval_ood,prompt_level_loose_acc,0.22,300,1096.9433333333334,1049.2424242424242,1110.3974358974358
Soft threshold,100,minerva_math_500,exact_match_flex,0.124,500,1278.218,382.33870967741933,1405.0319634703196
Soft threshold,200,aime,pass_at_1,0.003125,30,595.3583333333333,471.0,604.2410714285714
Soft threshold,200,alpaca_eval,length_controlled_winrate,2.0368586316917052,805,587.032298136646,,
Soft threshold,200,ifeval_mt_wildchat_unused_withRewrite,prompt_level_loose_acc,0.3596392333709132,1774,280.2649379932356,281.2758620689655,279.69718309859155
Soft threshold,200,ifeval_mt_ood_wildchat_unused_withRewrite,prompt_level_loose_acc,0.334534967555876,1387,330.37851478010094,305.89870689655174,342.68472372697727
Soft threshold,200,ifeval_ood,prompt_level_loose_acc,0.32,300,118.35666666666667,69.02083333333333,141.5735294117647
Soft threshold,200,minerva_math_500,exact_match_flex,0.31,500,446.098,282.741935483871,519.4898550724638
Soft threshold,300,aime,pass_at_1,0.006249999999999996,30,426.0125,897.078125,392.36495535714283
Soft threshold,300,alpaca_eval,length_controlled_winrate,1.6142492013822525,805,767.6944099378882,,
Soft threshold,300,ifeval_mt_wildchat_unused_withRewrite,prompt_level_loose_acc,0.3641488162344983,1774,219.75028184892898,152.70123839009287,258.1489361702128
Soft threshold,300,ifeval_mt_ood_wildchat_unused_withRewrite,prompt_level_loose_acc,0.38139870223503963,1387,325.94520547945206,200.9508506616257,403.0104895104895
Soft threshold,300,ifeval_ood,prompt_level_loose_acc,0.3566666666666667,300,1529.54,1350.766355140187,1628.6528497409327
Soft threshold,300,minerva_math_500,exact_match_flex,0.418,500,470.498,202.16746411483254,663.2164948453608
Soft threshold,400,aime,pass_at_1,0.0020833333333333333,30,336.16041666666666,352.84375,334.96875
Soft threshold,400,alpaca_eval,length_controlled_winrate,1.547504018137251,805,1234.0770186335403,,
Soft threshold,400,ifeval_mt_wildchat_unused_withRewrite,prompt_level_loose_acc,0.4024802705749718,1774,257.05580608793684,207.19327731092437,290.6424528301887
Soft threshold,400,ifeval_mt_ood_wildchat_unused_withRewrite,prompt_level_loose_acc,0.410958904109589,1387,357.3914924297044,263.7719298245614,422.70746634026926
Soft threshold,400,ifeval_ood,prompt_level_loose_acc,0.37666666666666665,300,2220.7833333333333,1557.575221238938,2621.5454545454545
Soft threshold,400,minerva_math_500,exact_match_flex,0.342,500,376.688,227.8654970760234,454.03951367781156
Soft threshold,500,aime,pass_at_1,0.0,30,387.1166666666667,,387.1166666666667
Soft threshold,500,alpaca_eval,length_controlled_winrate,1.5152341837120151,805,1886.368944099379,,
Soft threshold,500,ifeval_mt_wildchat_unused_withRewrite,prompt_level_loose_acc,0.4301014656144307,1774,355.1493799323563,275.6788990825688,415.1256181998022
Soft threshold,500,ifeval_mt_ood_wildchat_unused_withRewrite,prompt_level_loose_acc,0.43475126171593365,1387,380.04902667627977,278.33499170812604,458.28061224489795
Soft threshold,500,ifeval_ood,prompt_level_loose_acc,0.37,300,2540.53,2098.5495495495497,2800.10582010582
Soft threshold,500,minerva_math_500,exact_match_flex,0.388,500,514.494,243.80927835051546,686.1045751633987
Soft threshold,600,aime,pass_at_1,0.0020833333333333333,30,98.740625,329.53125,82.25558035714286
Soft threshold,600,alpaca_eval,length_controlled_winrate,3.4992062511255653,805,1238.5254658385093,,
Soft threshold,600,ifeval_mt_wildchat_unused_withRewrite,prompt_level_loose_acc,0.4813979706877114,1774,191.82018038331455,128.5831381733021,250.52065217391305
Soft threshold,600,ifeval_mt_ood_wildchat_unused_withRewrite,prompt_level_loose_acc,0.4441240086517664,1387,205.3489545782264,139.0957792207792,258.2827496757458
Soft threshold,600,ifeval_ood,prompt_level_loose_acc,0.39,300,1781.67,1170.871794871795,2172.1803278688526
Soft threshold,600,minerva_math_500,exact_match_flex,0.32,500,208.232,133.325,243.48235294117646
Soft threshold,700,aime,pass_at_1,0.009375,30,306.796875,730.703125,276.51785714285717
Soft threshold,700,alpaca_eval,length_controlled_winrate,3.3476048798630433,805,1134.982608695652,,
Soft threshold,700,ifeval_mt_wildchat_unused_withRewrite,prompt_level_loose_acc,0.4904171364148816,1774,206.59751972942502,123.44252873563218,286.625
Soft threshold,700,ifeval_mt_ood_wildchat_unused_withRewrite,prompt_level_loose_acc,0.4556596971881759,1387,211.66258111031001,116.83386075949367,291.04238410596025
Soft threshold,700,ifeval_ood,prompt_level_loose_acc,0.39,300,1554.0233333333333,1084.4871794871794,1854.2185792349726
Soft threshold,700,minerva_math_500,exact_match_flex,0.444,500,348.9,221.1216216216216,450.93884892086334
Soft threshold,800,aime,pass_at_1,0.003125,30,277.76145833333334,65.03125,285.0969827586207
Soft threshold,800,alpaca_eval,length_controlled_winrate,4.256008656782466,805,674.2124223602484,,
Soft threshold,800,ifeval_mt_wildchat_unused_withRewrite,prompt_level_loose_acc,0.5067643742953777,1774,191.86133032694477,114.80867630700779,271.0274285714286
Soft threshold,800,ifeval_mt_ood_wildchat_unused_withRewrite,prompt_level_loose_acc,0.467916366258111,1387,204.61499639509734,125.21725731895224,274.43766937669375
Soft threshold,800,ifeval_ood,prompt_level_loose_acc,0.38,300,1551.2966666666666,871.8157894736842,1967.752688172043
Soft threshold,800,minerva_math_500,exact_match_flex,0.46,500,388.216,284.7913043478261,476.31851851851854
Soft threshold,900,aime,pass_at_1,0.00520833333333333,30,311.26145833333334,166.265625,321.61830357142856
Soft threshold,900,alpaca_eval,length_controlled_winrate,4.390524810572647,805,440.47329192546584,,
Soft threshold,900,ifeval_mt_wildchat_unused_withRewrite,prompt_level_loose_acc,0.552423900789177,1774,140.61048478015783,112.27551020408163,175.5831234256927
Soft threshold,900,ifeval_mt_ood_wildchat_unused_withRewrite,prompt_level_loose_acc,0.46431146359048303,1387,191.1103100216294,129.48447204968943,244.52489905787348
Soft threshold,900,ifeval_ood,prompt_level_loose_acc,0.4033333333333333,300,1002.8933333333333,510.7685950413223,1335.558659217877
Soft threshold,900,minerva_math_500,exact_match_flex,0.47,500,322.316,230.42127659574467,403.8075471698113
Soft threshold,1000,aime,pass_at_1,0.011458333333333329,30,355.63854166666664,229.125,364.6752232142857
Soft threshold,1000,alpaca_eval,length_controlled_winrate,4.009098289426246,805,601.6124223602485,,
Soft threshold,1000,ifeval_mt_wildchat_unused_withRewrite,prompt_level_loose_acc,0.560315670800451,1774,134.4650507328072,90.43058350100604,190.58076923076922
Soft threshold,1000,ifeval_mt_ood_wildchat_unused_withRewrite,prompt_level_loose_acc,0.47440519105984136,1387,182.05407354001443,158.5744680851064,203.2469135802469
Soft threshold,1000,ifeval_ood,prompt_level_loose_acc,0.41,300,1286.9,932.3252032520326,1533.2994350282486
Soft threshold,1000,minerva_math_500,exact_match_flex,0.484,500,357.878,258.76446280991735,450.84496124031006
Warmup-step (lin α=1.0),100,aime,pass_at_1,0.005208333333333333,30,2480.483333333333,2666.234375,2467.215401785714
Warmup-step (lin α=1.0),100,alpaca_eval,length_controlled_winrate,0.9542075796358024,805,2571.905590062112,,
Warmup-step (lin α=1.0),100,ifeval_mt_wildchat_unused_withRewrite,prompt_level_loose_acc,0.36583990980834274,1774,1977.935738444194,1572.1972265023112,2212.001777777778
Warmup-step (lin α=1.0),100,ifeval_mt_ood_wildchat_unused_withRewrite,prompt_level_loose_acc,0.28118240807498196,1387,2269.093006488825,2182.5897435897436,2302.930792377131
Warmup-step (lin α=1.0),100,ifeval_ood,prompt_level_loose_acc,0.17,300,3326.9966666666664,2871.529411764706,3420.285140562249
Warmup-step (lin α=1.0),100,livecodebench_codegeneration,pass_at_1,0.042483660130718956,612,2102.877450980392,512.2307692307693,2173.452218430034
Warmup-step (lin α=1.0),100,minerva_math_500,exact_match_flex,0.34,500,1813.688,408.7705882352941,2537.4333333333334
Warmup-step (lin α=1.0),200,aime,pass_at_1,0.0,30,1166.4270833333333,,1166.4270833333333
Warmup-step (lin α=1.0),200,alpaca_eval,length_controlled_winrate,3.6655976783370945,805,1255.1503105590061,,
Warmup-step (lin α=1.0),200,ifeval_mt_wildchat_unused_withRewrite,prompt_level_loose_acc,0.4791431792559188,1774,871.6369785794814,593.0705882352942,1127.8939393939395
Warmup-step (lin α=1.0),200,ifeval_mt_ood_wildchat_unused_withRewrite,prompt_level_loose_acc,0.3460706560922855,1387,1068.5948089401586,975.4020833333333,1117.9140022050717
Warmup-step (lin α=1.0),200,ifeval_ood,prompt_level_loose_acc,0.22333333333333333,300,1552.2966666666666,1268.8059701492537,1633.8154506437768
Warmup-step (lin α=1.0),200,livecodebench_codegeneration,pass_at_1,0.04084967320261438,612,740.8839869281046,297.04,759.7870528109029
Warmup-step (lin α=1.0),200,minerva_math_500,exact_match_flex,0.428,500,968.018,344.16355140186914,1434.8181818181818
Warmup-step (lin α=1.0),300,aime,pass_at_1,0.003125,30,986.5364583333334,493.5625,1003.5355603448276
Warmup-step (lin α=1.0),300,alpaca_eval,length_controlled_winrate,3.6848598279006586,805,856.2869565217392,,
Warmup-step (lin α=1.0),300,ifeval_mt_wildchat_unused_withRewrite,prompt_level_loose_acc,0.5180383314543405,1774,423.48759864712514,370.7399347116431,480.18362573099415
Warmup-step (lin α=1.0),300,ifeval_mt_ood_wildchat_unused_withRewrite,prompt_level_loose_acc,0.4023071377072819,1387,635.773612112473,443.89784946236557,764.925211097708
Warmup-step (lin α=1.0),300,ifeval_ood,prompt_level_loose_acc,0.28,300,721.89,515.4880952380952,802.1574074074074
Warmup-step (lin α=1.0),300,livecodebench_codegeneration,pass_at_1,0.05065359477124183,612,169.79738562091504,72.45161290322581,174.99139414802065
Warmup-step (lin α=1.0),300,minerva_math_500,exact_match_flex,0.432,500,768.606,396.56018518518516,1051.5704225352113
Warmup-step (lin α=1.0),400,aime,pass_at_1,0.0020833333333333333,30,55.14479166666667,8.0,56.77047413793103
Warmup-step (lin α=1.0),400,alpaca_eval,length_controlled_winrate,4.107085679602368,805,679.1080745341615,,
Warmup-step (lin α=1.0),400,ifeval_mt_wildchat_unused_withRewrite,prompt_level_loose_acc,0.5614430665163472,1774,229.8771138669673,196.0491967871486,273.18380462724934
Warmup-step (lin α=1.0),400,ifeval_mt_ood_wildchat_unused_withRewrite,prompt_level_loose_acc,0.4938716654650324,1387,456.65032444124006,290.43065693430657,618.8447293447293
Warmup-step (lin α=1.0),400,ifeval_ood,prompt_level_loose_acc,0.38,300,369.3066666666667,50.21052631578947,564.8817204301075
Warmup-step (lin α=1.0),400,livecodebench_codegeneration,pass_at_1,0.0457516339869281,612,74.71895424836602,55.57142857142857,75.63698630136986
Warmup-step (lin α=1.0),400,minerva_math_500,exact_match_flex,0.242,500,32.484,19.479338842975206,36.635883905013195
Warmup-step (lin α=1.0),500,aime,pass_at_1,0.0020833333333333333,30,11.216666666666667,8.0,11.327586206896552
Warmup-step (lin α=1.0),500,alpaca_eval,length_controlled_winrate,3.8897443939316316,805,666.7937888198758,,
Warmup-step (lin α=1.0),500,ifeval_mt_wildchat_unused_withRewrite,prompt_level_loose_acc,0.5698985343855694,1774,182.9357384441939,157.68348170128584,216.39580602883356
Warmup-step (lin α=1.0),500,ifeval_mt_ood_wildchat_unused_withRewrite,prompt_level_loose_acc,0.5155010814708003,1387,318.26892573900506,206.15244755244754,437.5595238095238
Warmup-step (lin α=1.0),500,ifeval_ood,prompt_level_loose_acc,0.4033333333333333,300,315.12333333333333,214.28925619834712,383.2849162011173
Warmup-step (lin α=1.0),500,livecodebench_codegeneration,pass_at_1,0.04084967320261438,612,80.58986928104575,56.36,81.62180579216354
Warmup-step (lin α=1.0),500,minerva_math_500,exact_match_flex,0.238,500,9.534,8.033613445378151,10.00262467191601
Warmup-step (lin α=1.0),600,aime,pass_at_1,0.011458333333333333,30,8.032291666666667,8.03125,8.032366071428571
Warmup-step (lin α=1.0),600,alpaca_eval,length_controlled_winrate,5.412835602373171,805,600.7316770186335,,
Warmup-step (lin α=1.0),600,ifeval_mt_wildchat_unused_withRewrite,prompt_level_loose_acc,0.64543404735062,1774,83.57328072153325,68.26724890829695,111.4356120826709
Warmup-step (lin α=1.0),600,ifeval_mt_ood_wildchat_unused_withRewrite,prompt_level_loose_acc,0.5998558038932948,1387,271.6164383561644,192.45673076923077,390.2846846846847
Warmup-step (lin α=1.0),600,ifeval_ood,prompt_level_loose_acc,0.42333333333333334,300,311.70666666666665,164.39370078740157,419.84971098265896
Warmup-step (lin α=1.0),600,livecodebench_codegeneration,pass_at_1,0.04411764705882353,612,107.83823529411765,56.03703703703704,110.22905982905984
Warmup-step (lin α=1.0),600,minerva_math_500,exact_match_flex,0.252,500,8.31,7.849206349206349,8.46524064171123
Warmup-step (lin α=1.0),700,aime,pass_at_1,0.01041666666666666,30,26.219791666666666,8.0,27.521205357142858
Warmup-step (lin α=1.0),700,alpaca_eval,length_controlled_winrate,5.009402167219162,805,540.4869565217391,,
Warmup-step (lin α=1.0),700,ifeval_mt_wildchat_unused_withRewrite,prompt_level_loose_acc,0.6747463359639233,1774,102.25253664036077,87.16123642439432,133.55979202772963
Warmup-step (lin α=1.0),700,ifeval_mt_ood_wildchat_unused_withRewrite,prompt_level_loose_acc,0.6258111031002163,1387,282.27974044700795,186.0184331797235,443.271676300578
Warmup-step (lin α=1.0),700,ifeval_ood,prompt_level_loose_acc,0.45,300,334.98333333333335,205.59259259259258,440.8484848484849
Warmup-step (lin α=1.0),700,livecodebench_codegeneration,pass_at_1,0.06045751633986928,612,90.34967320261438,58.351351351351354,92.40869565217392
Warmup-step (lin α=1.0),700,minerva_math_500,exact_match_flex,0.258,500,52.328,20.705426356589147,63.32345013477089
Warmup-step (lin α=1.0),800,aime,pass_at_1,0.0010416666666666667,30,84.225,9.65625,86.79633620689656
Warmup-step (lin α=1.0),800,alpaca_eval,length_controlled_winrate,5.296266858012364,805,403.54037267080747,,
Warmup-step (lin α=1.0),800,ifeval_mt_wildchat_unused_withRewrite,prompt_level_loose_acc,0.6567080045095829,1774,110.81792559188276,76.45751072961373,176.54844006568143
Warmup-step (lin α=1.0),800,ifeval_mt_ood_wildchat_unused_withRewrite,prompt_level_loose_acc,0.6286950252343186,1387,270.3777937995674,169.91284403669724,440.4854368932039
Warmup-step (lin α=1.0),800,ifeval_ood,prompt_level_loose_acc,0.4533333333333333,300,216.43666666666667,146.89705882352942,274.1036585365854
Warmup-step (lin α=1.0),800,livecodebench_codegeneration,pass_at_1,0.03758169934640523,612,73.64869281045752,61.47826086956522,74.1239388794567
Warmup-step (lin α=1.0),800,minerva_math_500,exact_match_flex,0.272,500,36.958,54.205882352941174,30.513736263736263
Warmup-step (lin α=1.0),900,aime,pass_at_1,0.0020833333333333333,30,8.047916666666667,8.0,8.049568965517242
Warmup-step (lin α=1.0),900,alpaca_eval,length_controlled_winrate,5.028992110295717,805,543.7590062111801,,
Warmup-step (lin α=1.0),900,ifeval_mt_wildchat_unused_withRewrite,prompt_level_loose_acc,0.6933483652762119,1774,92.39740698985344,65.64065040650407,152.8952205882353
Warmup-step (lin α=1.0),900,ifeval_mt_ood_wildchat_unused_withRewrite,prompt_level_loose_acc,0.6409516943042538,1387,266.9199711607787,166.1811023622047,446.7530120481928
Warmup-step (lin α=1.0),900,ifeval_ood,prompt_level_loose_acc,0.4766666666666667,300,219.88333333333333,147.2237762237762,286.0636942675159
Warmup-step (lin α=1.0),900,livecodebench_codegeneration,pass_at_1,0.029411764705882353,612,59.26143790849673,61.111111111111114,59.205387205387204
Warmup-step (lin α=1.0),900,minerva_math_500,exact_match_flex,0.24,500,8.476,8.066666666666666,8.605263157894736
Warmup-step (lin α=1.0),1000,aime,pass_at_1,0.0,30,32.322916666666664,,32.322916666666664
Warmup-step (lin α=1.0),1000,alpaca_eval,length_controlled_winrate,5.588666697009022,805,533.5801242236025,,
Warmup-step (lin α=1.0),1000,ifeval_mt_wildchat_unused_withRewrite,prompt_level_loose_acc,0.6634723788049606,1774,104.09188275084554,66.03823279524214,179.11557788944722
Warmup-step (lin α=1.0),1000,ifeval_mt_ood_wildchat_unused_withRewrite,prompt_level_loose_acc,0.6222062004325883,1387,278.78442682047586,168.79490150637312,459.9312977099237
Warmup-step (lin α=1.0),1000,ifeval_ood,prompt_level_loose_acc,0.48,300,316.66,192.625,431.15384615384613
Warmup-step (lin α=1.0),1000,livecodebench_codegeneration,pass_at_1,0.06862745098039216,612,96.87418300653594,63.38095238095238,99.34210526315789
Warmup-step (lin α=1.0),1000,minerva_math_500,exact_match_flex,0.26,500,30.184,27.323076923076922,31.18918918918919
Warmup-solverate (lin α=1.0),100,aime,pass_at_1,0.0010416666666666667,30,878.84375,969.53125,875.7165948275862
Warmup-solverate (lin α=1.0),100,alpaca_eval,length_controlled_winrate,0.6300203788322846,805,1059.5701863354038,,
Warmup-solverate (lin α=1.0),100,ifeval_mt_wildchat_unused_withRewrite,prompt_level_loose_acc,0.32807215332581735,1774,602.9537767756483,554.7749140893471,626.4773489932886
Warmup-solverate (lin α=1.0),100,ifeval_mt_ood_wildchat_unused_withRewrite,prompt_level_loose_acc,0.27974044700793077,1387,702.5688536409517,624.590206185567,732.8548548548548
Warmup-solverate (lin α=1.0),100,ifeval_ood,prompt_level_loose_acc,0.28,300,715.43,868.0119047619048,656.0925925925926
Warmup-solverate (lin α=1.0),100,livecodebench_codegeneration,pass_at_1,0.00980392156862745,612,334.37745098039215,120.66666666666667,336.493399339934
Warmup-solverate (lin α=1.0),100,minerva_math_500,exact_match_flex,0.168,500,424.756,309.45238095238096,448.03846153846155
Warmup-solverate (lin α=1.0),200,aime,pass_at_1,0.0010416666666666667,30,55.119791666666664,7.96875,56.74568965517241
Warmup-solverate (lin α=1.0),200,alpaca_eval,length_controlled_winrate,2.6891679036512652,805,411.7888198757764,,
Warmup-solverate (lin α=1.0),200,ifeval_mt_wildchat_unused_withRewrite,prompt_level_loose_acc,0.34949267192784667,1774,281.31003382187146,210.82903225806453,319.17677642980937
Warmup-solverate (lin α=1.0),200,ifeval_mt_ood_wildchat_unused_withRewrite,prompt_level_loose_acc,0.3410237923576063,1387,338.2105263157895,266.48837209302326,375.32713347921225
Warmup-solverate (lin α=1.0),200,ifeval_ood,prompt_level_loose_acc,0.3566666666666667,300,89.36666666666666,92.95327102803738,87.37823834196891
Warmup-solverate (lin α=1.0),200,livecodebench_codegeneration,pass_at_1,0.013071895424836602,612,19.401960784313726,86.625,18.51158940397351
Warmup-solverate (lin α=1.0),200,minerva_math_500,exact_match_flex,0.228,500,102.752,75.67543859649123,110.74870466321244
Warmup-solverate (lin α=1.0),300,aime,pass_at_1,0.0,30,23.180208333333333,,23.180208333333333
Warmup-solverate (lin α=1.0),300,alpaca_eval,length_controlled_winrate,2.898031017436211,805,437.4944099378882,,
Warmup-solverate (lin α=1.0),300,ifeval_mt_wildchat_unused_withRewrite,prompt_level_loose_acc,0.3923337091319053,1774,282.0248027057497,244.39224137931035,306.321892393321
Warmup-solverate (lin α=1.0),300,ifeval_mt_ood_wildchat_unused_withRewrite,prompt_level_loose_acc,0.37923576063446285,1387,274.6986301369863,174.21292775665398,336.08710801393727
Warmup-solverate (lin α=1.0),300,ifeval_ood,prompt_level_loose_acc,0.3933333333333333,300,83.83666666666667,93.44915254237289,77.6043956043956
Warmup-solverate (lin α=1.0),300,livecodebench_codegeneration,pass_at_1,0.02287581699346405,612,42.00653594771242,72.42857142857143,41.2943143812709
Warmup-solverate (lin α=1.0),300,minerva_math_500,exact_match_flex,0.234,500,18.646,17.572649572649574,18.973890339425587
Warmup-solverate (lin α=1.0),400,aime,pass_at_1,0.0,30,9.18125,,9.18125
Warmup-solverate (lin α=1.0),400,alpaca_eval,length_controlled_winrate,3.9555110783103378,805,459.2583850931677,,
Warmup-solverate (lin α=1.0),400,ifeval_mt_wildchat_unused_withRewrite,prompt_level_loose_acc,0.42728297632469,1774,278.94588500563697,174.1688654353562,357.11614173228344
Warmup-solverate (lin α=1.0),400,ifeval_mt_ood_wildchat_unused_withRewrite,prompt_level_loose_acc,0.37707281903388606,1387,279.2739726027397,177.5889101338432,340.8263888888889
Warmup-solverate (lin α=1.0),400,ifeval_ood,prompt_level_loose_acc,0.38,300,49.41,33.473684210526315,59.17741935483871
Warmup-solverate (lin α=1.0),400,livecodebench_codegeneration,pass_at_1,0.0196078431372549,612,46.72549019607843,63.25,46.395
Warmup-solverate (lin α=1.0),400,minerva_math_500,exact_match_flex,0.244,500,14.742,17.83606557377049,13.743386243386244
Warmup-solverate (lin α=1.0),500,aime,pass_at_1,0.0,30,7.979166666666667,,7.979166666666667
Warmup-solverate (lin α=1.0),500,alpaca_eval,length_controlled_winrate,3.4647415118489566,805,456.5739130434783,,
Warmup-solverate (lin α=1.0),500,ifeval_mt_wildchat_unused_withRewrite,prompt_level_loose_acc,0.443630214205186,1774,231.15783540022548,166.3989834815756,282.79432624113474
Warmup-solverate (lin α=1.0),500,ifeval_mt_ood_wildchat_unused_withRewrite,prompt_level_loose_acc,0.37851478010093725,1387,238.33453496755587,152.03238095238095,290.8967517401392
Warmup-solverate (lin α=1.0),500,ifeval_ood,prompt_level_loose_acc,0.39,300,45.28,18.076923076923077,62.67213114754098
Warmup-solverate (lin α=1.0),500,livecodebench_codegeneration,pass_at_1,0.027777777777777776,612,35.19934640522876,76.88235294117646,34.00840336134454
Warmup-solverate (lin α=1.0),500,minerva_math_500,exact_match_flex,0.246,500,11.422,12.048780487804878,11.217506631299734
Warmup-solverate (lin α=1.0),600,aime,pass_at_1,0.0,30,7.846875,,7.846875
Warmup-solverate (lin α=1.0),600,alpaca_eval,length_controlled_winrate,3.7045226160164266,805,409.4186335403727,,
Warmup-solverate (lin α=1.0),600,ifeval_mt_wildchat_unused_withRewrite,prompt_level_loose_acc,0.4549041713641488,1774,203.10315670800452,130.3370508054523,263.82936918304034
Warmup-solverate (lin α=1.0),600,ifeval_mt_ood_wildchat_unused_withRewrite,prompt_level_loose_acc,0.3987022350396539,1387,202.1910598413843,114.71971066907776,260.1906474820144
Warmup-solverate (lin α=1.0),600,ifeval_ood,prompt_level_loose_acc,0.3933333333333333,300,50.70666666666666,19.23728813559322,71.10989010989012
Warmup-solverate (lin α=1.0),600,livecodebench_codegeneration,pass_at_1,0.042483660130718956,612,76.81372549019608,70.46153846153847,77.09556313993174
Warmup-solverate (lin α=1.0),600,minerva_math_500,exact_match_flex,0.234,500,8.962,8.034188034188034,9.245430809399478
Warmup-solverate (lin α=1.0),700,aime,pass_at_1,0.0,30,8.438541666666667,,8.438541666666667
Warmup-solverate (lin α=1.0),700,alpaca_eval,length_controlled_winrate,4.35718543967186,805,375.3167701863354,,
Warmup-solverate (lin α=1.0),700,ifeval_mt_wildchat_unused_withRewrite,prompt_level_loose_acc,0.507891770011274,1774,199.97012401352876,117.8801331853496,284.6930126002291
Warmup-solverate (lin α=1.0),700,ifeval_mt_ood_wildchat_unused_withRewrite,prompt_level_loose_acc,0.4008651766402307,1387,190.6395097332372,115.30395683453237,241.0445246690734
Warmup-solverate (lin α=1.0),700,ifeval_ood,prompt_level_loose_acc,0.4,300,48.233333333333334,14.208333333333334,70.91666666666667
Warmup-solverate (lin α=1.0),700,livecodebench_codegeneration,pass_at_1,0.026143790849673203,612,40.197712418300654,61.75,39.619127516778526
Warmup-solverate (lin α=1.0),700,minerva_math_500,exact_match_flex,0.234,500,9.26,9.324786324786325,9.240208877284596
Warmup-solverate (lin α=1.0),800,aime,pass_at_1,0.0,30,7.805208333333334,,7.805208333333334
Warmup-solverate (lin α=1.0),800,alpaca_eval,length_controlled_winrate,3.5760285996729797,805,420.8248447204969,,
Warmup-solverate (lin α=1.0),800,ifeval_mt_wildchat_unused_withRewrite,prompt_level_loose_acc,0.48928974069898534,1774,175.50394588500563,105.22811059907833,242.83222958057394
Warmup-solverate (lin α=1.0),800,ifeval_mt_ood_wildchat_unused_withRewrite,prompt_level_loose_acc,0.4275414563806777,1387,137.14347512617158,88.01686340640809,173.83375314861462
Warmup-solverate (lin α=1.0),800,ifeval_ood,prompt_level_loose_acc,0.39,300,41.31666666666667,13.418803418803419,59.15300546448088
Warmup-solverate (lin α=1.0),800,livecodebench_codegeneration,pass_at_1,0.04084967320261438,612,49.05882352941177,52.28,48.921635434412266
Warmup-solverate (lin α=1.0),800,minerva_math_500,exact_match_flex,0.252,500,8.378,8.452380952380953,8.352941176470589
Warmup-solverate (lin α=1.0),900,aime,pass_at_1,0.003125,30,7.716666666666667,7.96875,7.707974137931035
Warmup-solverate (lin α=1.0),900,alpaca_eval,length_controlled_winrate,4.180900535243823,805,375.2608695652174,,
Warmup-solverate (lin α=1.0),900,ifeval_mt_wildchat_unused_withRewrite,prompt_level_loose_acc,0.560879368658399,1774,126.90304396843293,73.53366834170855,195.0706033376123
Warmup-solverate (lin α=1.0),900,ifeval_mt_ood_wildchat_unused_withRewrite,prompt_level_loose_acc,0.441240086517664,1387,139.35039653929343,90.1421568627451,178.20903225806452
Warmup-solverate (lin α=1.0),900,ifeval_ood,prompt_level_loose_acc,0.39,300,31.976666666666667,14.341880341880342,43.25136612021858
Warmup-solverate (lin α=1.0),900,livecodebench_codegeneration,pass_at_1,0.021241830065359478,612,30.16176470588235,57.84615384615385,29.56093489148581
Warmup-solverate (lin α=1.0),900,minerva_math_500,exact_match_flex,0.252,500,8.184,8.007936507936508,8.243315508021391
Warmup-solverate (lin α=1.0),1000,aime,pass_at_1,0.0010416666666666667,30,7.686458333333333,7.96875,7.676724137931035
Warmup-solverate (lin α=1.0),1000,alpaca_eval,length_controlled_winrate,3.373772227796111,805,355.8583850931677,,
Warmup-solverate (lin α=1.0),1000,ifeval_mt_wildchat_unused_withRewrite,prompt_level_loose_acc,0.4983089064261556,1774,149.53382187147687,79.53846153846153,219.0573033707865
Warmup-solverate (lin α=1.0),1000,ifeval_mt_ood_wildchat_unused_withRewrite,prompt_level_loose_acc,0.4131218457101658,1387,157.521268925739,102.55148342059337,196.21621621621622
Warmup-solverate (lin α=1.0),1000,ifeval_ood,prompt_level_loose_acc,0.3933333333333333,300,60.766666666666666,14.211864406779661,90.95054945054945
Warmup-solverate (lin α=1.0),1000,livecodebench_codegeneration,pass_at_1,0.04411764705882353,612,48.97222222222222,63.48148148148148,48.302564102564105
Warmup-solverate (lin α=1.0),1000,minerva_math_500,exact_match_flex,0.24,500,8.246,8.233333333333333,8.25
GFPO shortest,100,aime,pass_at_1,0.0010416666666666667,30,2917.9,3180.15625,2908.856681034483
GFPO shortest,100,alpaca_eval,length_controlled_winrate,0.5429993758223111,805,3102.7937888198758,,
GFPO shortest,100,ifeval_mt_wildchat_unused_withRewrite,prompt_level_loose_acc,0.3692220969560316,1774,2611.610484780158,2172.1053435114504,2868.8722073279714
GFPO shortest,100,ifeval_mt_ood_wildchat_unused_withRewrite,prompt_level_loose_acc,0.28406633020908434,1387,2889.2703677000723,2834.3375634517765,2911.0664652567975
GFPO shortest,100,ifeval_ood,prompt_level_loose_acc,0.17333333333333334,300,3795.78,3580.019230769231,3841.0201612903224
GFPO shortest,100,livecodebench_codegeneration,pass_at_1,0.03758169934640523,612,2922.032679738562,443.8695652173913,3018.8030560271645
GFPO shortest,100,minerva_math_500,exact_match_flex,0.24,500,2598.564,772.075,3175.35
GFPO shortest,200,aime,pass_at_1,0.00625,30,2075.5208333333335,1893.109375,2088.550223214286
GFPO shortest,200,alpaca_eval,length_controlled_winrate,2.447631548718972,805,2268.5416149068324,,
GFPO shortest,200,ifeval_mt_wildchat_unused_withRewrite,prompt_level_loose_acc,0.46392333709131905,1774,2081.2012401352877,1423.7278250303766,2650.1819137749735
GFPO shortest,200,ifeval_mt_ood_wildchat_unused_withRewrite,prompt_level_loose_acc,0.32588320115356884,1387,2325.3727469358328,2013.5265486725664,2476.126203208556
GFPO shortest,200,ifeval_ood,prompt_level_loose_acc,0.22333333333333333,300,3287.5933333333332,3022.5223880597014,3363.815450643777
GFPO shortest,200,livecodebench_codegeneration,pass_at_1,0.058823529411764705,612,1870.75,330.75,1967.0
GFPO shortest,200,minerva_math_500,exact_match_flex,0.424,500,1292.13,363.66509433962267,1975.5833333333333
GFPO shortest,300,aime,pass_at_1,0.007291666666666663,30,2213.153125,1721.0208333333333,2267.834490740741
GFPO shortest,300,alpaca_eval,length_controlled_winrate,4.6620088604447405,805,2006.0732919254658,,
GFPO shortest,300,ifeval_mt_wildchat_unused_withRewrite,prompt_level_loose_acc,0.5355129650507328,1774,1890.5952649379933,1229.5126315789473,2652.765776699029
GFPO shortest,300,ifeval_mt_ood_wildchat_unused_withRewrite,prompt_level_loose_acc,0.37851478010093725,1387,2227.431867339582,1966.2190476190476,2386.5232018561487
GFPO shortest,300,ifeval_ood,prompt_level_loose_acc,0.26666666666666666,300,2630.9933333333333,2438.6625,2700.931818181818
GFPO shortest,300,livecodebench_codegeneration,pass_at_1,0.06862745098039216,612,848.5767973856209,183.11904761904762,897.6105263157895
GFPO shortest,300,minerva_math_500,exact_match_flex,0.482,500,1121.65,361.344398340249,1829.11583011583
GFPO shortest,400,aime,pass_at_1,0.003125,30,2383.128125,1693.375,2432.3962053571427
GFPO shortest,400,alpaca_eval,length_controlled_winrate,4.049424216158982,805,2120.341614906832,,
GFPO shortest,400,ifeval_mt_wildchat_unused_withRewrite,prompt_level_loose_acc,0.5541149943630215,1774,1743.6104847801578,1163.3143438453712,2464.7623261694057
GFPO shortest,400,ifeval_mt_ood_wildchat_unused_withRewrite,prompt_level_loose_acc,0.39437635183850034,1387,2171.9661139149243,1927.7605118829981,2330.9904761904763
GFPO shortest,400,ifeval_ood,prompt_level_loose_acc,0.2866666666666667,300,2525.2966666666666,2180.3953488372094,2663.9018691588785
GFPO shortest,400,livecodebench_codegeneration,pass_at_1,0.06699346405228758,612,850.6715686274509,155.4878048780488,900.5884413309982
GFPO shortest,400,minerva_math_500,exact_match_flex,0.364,500,1496.888,337.6373626373626,2160.3584905660377
GFPO shortest,500,aime,pass_at_1,0.004166666666666667,30,2701.2927083333334,2330.0625,2727.809151785714
GFPO shortest,500,alpaca_eval,length_controlled_winrate,4.310823216962577,805,2026.6447204968945,,
GFPO shortest,500,ifeval_mt_wildchat_unused_withRewrite,prompt_level_loose_acc,0.5620067643742954,1774,1750.586809470124,1143.0280842527582,2530.169884169884
GFPO shortest,500,ifeval_mt_ood_wildchat_unused_withRewrite,prompt_level_loose_acc,0.4102379235760634,1387,2177.2062004325885,1851.0404217926186,2404.0867970660147
GFPO shortest,500,ifeval_ood,prompt_level_loose_acc,0.31,300,2601.2366666666667,2154.430107526882,2801.975845410628
GFPO shortest,500,livecodebench_codegeneration,pass_at_1,0.06209150326797386,612,582.4591503267974,147.02631578947367,611.2857142857143
GFPO shortest,500,minerva_math_500,exact_match_flex,0.414,500,1441.964,419.5024154589372,2164.3174061433447
GFPO shortest,600,aime,pass_at_1,0.011458333333333333,30,3282.039583333333,2495.54375,3439.33875
GFPO shortest,600,alpaca_eval,length_controlled_winrate,5.386369341393559,805,2206.6223602484474,,
GFPO shortest,600,ifeval_mt_wildchat_unused_withRewrite,prompt_level_loose_acc,0.5862457722660653,1774,1620.0033821871477,1039.8173076923076,2442.065395095368
GFPO shortest,600,ifeval_mt_ood_wildchat_unused_withRewrite,prompt_level_loose_acc,0.4304253785147801,1387,2216.1384282624367,1953.9782244556113,2414.2518987341773
GFPO shortest,600,ifeval_ood,prompt_level_loose_acc,0.32666666666666666,300,2338.286666666667,1985.8673469387754,2509.262376237624
GFPO shortest,600,livecodebench_codegeneration,pass_at_1,0.06209150326797386,612,613.6323529411765,96.44736842105263,647.8710801393728
GFPO shortest,600,minerva_math_500,exact_match_flex,0.456,500,1707.24,484.89912280701753,2731.8492647058824
GFPO shortest,700,aime,pass_at_1,0.013541666666666658,30,3345.553125,2595.3020833333335,3428.9143518518517
GFPO shortest,700,alpaca_eval,length_controlled_winrate,6.653634283752556,805,1961.4211180124223,,
GFPO shortest,700,ifeval_mt_wildchat_unused_withRewrite,prompt_level_loose_acc,0.6189402480270575,1774,1463.8331454340473,939.9799635701276,2314.707100591716
GFPO shortest,700,ifeval_mt_ood_wildchat_unused_withRewrite,prompt_level_loose_acc,0.46359048305695744,1387,2030.5839942321556,1719.7527216174183,2299.2190860215055
GFPO shortest,700,ifeval_ood,prompt_level_loose_acc,0.32,300,2362.7166666666667,2115.5208333333335,2479.044117647059
GFPO shortest,700,livecodebench_codegeneration,pass_at_1,0.07352941176470588,612,516.3169934640523,85.4,550.5167548500882
GFPO shortest,700,minerva_math_500,exact_match_flex,0.422,500,1879.556,398.7156398104265,2960.7231833910037
GFPO token-eff,100,aime,pass_at_1,0.005208333333333333,30,3066.353125,2973.8125,3076.6354166666665
GFPO token-eff,100,alpaca_eval,length_controlled_winrate,1.3730643918644785,805,2680.7652173913043,,
GFPO token-eff,100,ifeval_mt_wildchat_unused_withRewrite,prompt_level_loose_acc,0.35343855693348364,1774,2368.256482525366,1700.9234449760766,2733.0496948561463
GFPO token-eff,100,ifeval_mt_ood_wildchat_unused_withRewrite,prompt_level_loose_acc,0.2876712328767123,1387,2631.700072098053,2600.0150375939847,2644.495951417004
GFPO token-eff,100,ifeval_ood,prompt_level_loose_acc,0.15,300,3386.4766666666665,3009.2444444444445,3453.0470588235294
GFPO token-eff,100,livecodebench_codegeneration,pass_at_1,0.04411764705882353,612,2214.9901960784314,572.9629629629629,2290.7760683760685
GFPO token-eff,100,minerva_math_500,exact_match_flex,0.33,500,2008.128,860.0,2573.6238805970147
GFPO token-eff,200,aime,pass_at_1,0.0,30,3083.009375,,3083.009375
GFPO token-eff,200,alpaca_eval,length_controlled_winrate,2.441987715368253,805,2536.874534161491,,
GFPO token-eff,200,ifeval_mt_wildchat_unused_withRewrite,prompt_level_loose_acc,0.41149943630214203,1774,2007.7232243517474,1413.4082191780822,2423.2883141762454
GFPO token-eff,200,ifeval_mt_ood_wildchat_unused_withRewrite,prompt_level_loose_acc,0.3143475126171593,1387,2317.6589762076424,2250.5573394495414,2348.422712933754
GFPO token-eff,200,ifeval_ood,prompt_level_loose_acc,0.17666666666666667,300,2871.5133333333333,2053.490566037736,3047.0404858299594
GFPO token-eff,200,livecodebench_codegeneration,pass_at_1,0.042483660130718956,612,2201.171568627451,536.9230769230769,2275.0119453924913
GFPO token-eff,200,minerva_math_500,exact_match_flex,0.304,500,2128.52,512.3157894736842,2834.448275862069
GFPO token-eff,300,aime,pass_at_1,0.004166666666666667,30,4571.602083333333,4589.5,4570.323660714285
GFPO token-eff,300,alpaca_eval,length_controlled_winrate,1.6711943857261504,805,2807.6136645962733,,
GFPO token-eff,300,ifeval_mt_wildchat_unused_withRewrite,prompt_level_loose_acc,0.46110484780157834,1774,1908.185456595265,1264.6479217603912,2458.8274058577404
GFPO token-eff,300,ifeval_mt_ood_wildchat_unused_withRewrite,prompt_level_loose_acc,0.31146359048305694,1387,2252.91204037491,2048.222222222222,2345.504712041885
GFPO token-eff,300,ifeval_ood,prompt_level_loose_acc,0.21,300,3349.05,2738.4444444444443,3511.362869198312
GFPO token-eff,300,livecodebench_codegeneration,pass_at_1,0.06862745098039216,612,945.3513071895425,206.95238095238096,999.759649122807
GFPO token-eff,300,minerva_math_500,exact_match_flex,0.296,500,2867.182,902.722972972973,3693.1477272727275
GFPO token-eff,400,aime,pass_at_1,0.006249999999999996,30,4218.657291666666,3936.078125,4238.841517857143
GFPO token-eff,400,alpaca_eval,length_controlled_winrate,1.57695466989825,805,2743.814906832298,,
GFPO token-eff,400,ifeval_mt_wildchat_unused_withRewrite,prompt_level_loose_acc,0.5022547914317925,1774,1668.1099210823,1009.9023569023569,2332.2808607021516
GFPO token-eff,400,ifeval_mt_ood_wildchat_unused_withRewrite,prompt_level_loose_acc,0.32372025955299205,1387,2088.67483777938,2025.8307349665924,2118.756929637527
GFPO token-eff,400,ifeval_ood,prompt_level_loose_acc,0.21666666666666667,300,3269.3366666666666,3145.4461538461537,3303.604255319149
GFPO token-eff,400,livecodebench_codegeneration,pass_at_1,0.07352941176470588,612,723.0081699346405,233.44444444444446,761.8624338624338
GFPO token-eff,400,minerva_math_500,exact_match_flex,0.328,500,2630.722,999.5182926829268,3426.904761904762
GFPO token-eff,500,aime,pass_at_1,0.007291666666666667,30,4087.8958333333335,3730.28125,4113.439732142857
GFPO token-eff,500,alpaca_eval,length_controlled_winrate,1.1328029081640067,805,2871.63850931677,,
GFPO token-eff,500,ifeval_mt_wildchat_unused_withRewrite,prompt_level_loose_acc,0.52423900789177,1774,1691.6538895152198,1046.7451612903226,2402.276066350711
GFPO token-eff,500,ifeval_mt_ood_wildchat_unused_withRewrite,prompt_level_loose_acc,0.35039653929343906,1387,2131.1788031723145,1923.6172839506173,2243.137624861265
GFPO token-eff,500,ifeval_ood,prompt_level_loose_acc,0.23,300,3321.32,3029.0289855072465,3408.627705627706
GFPO token-eff,500,livecodebench_codegeneration,pass_at_1,0.06045751633986928,612,721.624183006536,194.02702702702703,755.5739130434782
GFPO token-eff,500,minerva_math_500,exact_match_flex,0.306,500,2666.406,815.3529411764706,3482.576368876081
